,County,State,vehicle_pc_BEV,vehicle_pc_FFV,vehicle_pc_SIDI,annual_ghg_m2,annual_operatingcost_m2,total_annualcost_m2,annual_fueluse_m2,total_vehicles_m2,vehicle_split_BEV_m2,vehicle_split_FFV_m2,vehicle_split_SIDI_m2
0,Alameda,CA,83.4,16.6,0.0,3212909418.8631663,521548.6653216368,10068677.851795021,236248.01053291067,1647.1461684913884,1373.772051251866,273.37411723952226,0.0
1,Alpine,CA,21.8,0.0,78.2,4856739.650997113,1534.9119637236367,17195.405725337656,569.3021310196498,2.4663701288851083,0.5376468715970593,1.5234269949020225e-16,1.9287232572880493
2,Amador,CA,42.9,0.0,57.1,120203004.4585869,26411.543047816696,334634.31682372343,10003.08064643624,50.03506659288946,21.459898786208143,0.0,28.575167806681307
3,Butte,CA,29.3,6.7,64.0,269448207.8432523,45492.94955464954,536845.9788910724,17455.951857174983,78.2131470047615,22.915930934013826,5.208494290127983,50.08872178061968
4,Calaveras,CA,12.5,0.0,87.5,96432028.25064804,36034.62312208092,385086.22741693235,13265.940263447881,54.255244448104534,6.760530660423603,0.0,47.49471378768093
5,Colusa,CA,19.7,0.0,80.3,35582853.07339422,7089.422792989847,78563.12118123176,2624.8953143697354,11.223300840943713,2.2127292998971955,0.0,9.010571541046518
6,Contra Costa,CA,94.4,5.6,0.0,5558384815.982411,359525.07832393073,7663901.851699241,157131.94876085466,1282.0834849993782,1210.426895103899,71.65658989547964,0.0
7,Del Norte,CA,19.5,0.0,80.5,31868522.903535765,12126.86495961239,140532.13868019113,4480.648129470882,20.156542156834494,3.92751474850776,1.325723166261416e-16,16.229027408326733
8,El Dorado,CA,53.5,6.7,39.8,263581067.9068766,39779.43881401713,529093.7400278592,15813.866523643603,80.68468396254312,43.19212908612594,5.379717521633508,32.11283735478368
9,Fresno,CA,27.3,4.3,68.4,255002186.13958967,68663.41003200576,798010.9251591685,26041.899576551896,115.76435714656165,31.592791932716917,5.011757822393488,79.15980739145124
10,Glenn,CA,8.8,0.6,90.6,51755758.36011651,8362.99692225029,91462.51977438969,3073.3726093974874,12.85059477589279,1.1280777687380086,0.07430821334498272,11.648208793809797
11,Humboldt,CA,22.1,0.0,77.9,113608591.34296173,19077.315416227695,224545.42295137286,7062.399750895953,32.373716608272396,7.160076816423379,0.0,25.213639791849015
12,Imperial,CA,4.3,2.6,93.1,154991101.6680302,25743.926559455136,276500.79526351916,9493.376119300781,38.53586373902427,1.6450097363814564,1.020652788881299,35.87020121376152
13,Inyo,CA,3.4,0.0,96.6,7357325.865477823,1440.6398779515991,14755.49133822335,526.9447529039485,2.0436349258251667,0.06864278614842588,0.0,1.9749921396767411
14,Kern,CA,22.8,2.0,75.3,166581021.37306878,46702.36663782557,527510.8997682711,17469.364304796065,75.82665708794828,17.265660392950444,1.4809948848463266,57.08000181015151
15,Kings,CA,32.2,0.0,67.8,165595792.48895222,39434.96890788962,467816.6141267579,14765.567287069423,68.4688575088886,22.01496883591714,0.0,46.45388867297145
16,Lake CA,CA,23.1,0.0,76.9,175209275.395077,31816.443129289815,376641.61886054836,11786.909772186073,54.40426466655631,12.550669975423093,1.0618465789708261e-16,41.85359469113322
17,Lassen,CA,3.2,0.0,96.8,5511196.837652911,2414.0185775339646,24708.32461314054,882.8889353525424,3.421134215217881,0.10972181704154686,2.4768758544027285e-17,3.3114123981763344
18,Los Angeles,CA,63.0,33.8,3.2,4610236751.469485,732224.6767034248,11625138.150819492,341542.80334282597,1821.6346253367517,1147.0593048002356,615.5938908061443,58.98142973037179
19,Madera,CA,30.8,1.4,67.9,127339662.35998932,30711.348037896765,362244.8259742666,11549.129045435595,52.883645497641865,16.266800931556258,0.7273510588567801,35.88949350722883
20,Marin,CA,80.3,0.0,19.7,1602930794.570887,149275.8453679181,2598794.95912021,59992.896487836,420.56405269206965,337.5614542211698,0.0,83.00259847089981
21,Mariposa,CA,25.5,0.0,74.5,30323168.02133604,8222.908982231007,93975.20734171903,3059.8036327594396,13.576603309184879,3.4647802757562034,0.0,10.111823033428676
22,Mendocino,CA,27.4,0.0,72.6,76689052.38306692,15203.174104758149,175588.63465439633,5667.037708518534,25.462141039824115,6.985594392790437,0.0,18.476546647033675
23,Merced,CA,34.4,0.0,65.6,226888430.42690024,57657.97592936745,692951.6034340549,21636.612932900323,101.86400733447306,35.00973760860623,0.0,66.85426972586683
24,Modoc,CA,5.3,0.0,94.7,3715877.5170568973,870.5734642411372,9335.951753165706,318.68898021068105,1.3027819499358053,0.06892480671402354,0.0,1.2338571432217817
25,Mono,CA,9.7,0.0,90.3,16529882.498486381,2636.9188994884194,27814.444624468102,968.8161392884576,3.8986782145647303,0.37967219878634906,0.0,3.5190060157783813
26,Monterey,CA,42.6,0.0,57.4,312890472.6124377,53015.55662920904,670303.3931344772,20071.558970247777,100.15957471129475,42.63388805994035,0.0,57.52568665135441
27,Napa,CA,63.5,12.6,23.9,427142888.0675395,73727.301760378,1066676.2075038552,30820.468035522917,166.18561605212452,105.53421472495931,20.977677915233535,39.67372341193166
28,Nevada,CA,46.3,0.0,53.7,300463064.278346,38783.97687549855,502603.89737849927,14748.88814874521,75.67145416654485,35.044847834348886,0.0,40.62660633219597
29,Orange CA,CA,95.7,4.3,0.0,13833790451.928234,927206.104977687,19307020.003339373,403312.91299420164,3232.463304864351,3092.31982574554,140.14347911881077,0.0
30,Placer,CA,60.2,7.5,32.2,559243523.6732672,96068.33360696342,1343332.1819547708,38823.03283063577,207.720067177964,125.06562502443126,15.676547200479881,66.97789495305288
31,Plumas,CA,10.5,0.0,89.5,10165284.87769301,3939.6477810988686,41701.8828903391,1448.225333455018,5.853406934391625,0.613287594451014,0.0,5.240119339940612
32,Riverside,CA,35.8,16.8,47.4,853832724.1593677,132412.30808938624,1653376.6693309357,53463.63772604656,244.3703444677568,87.43431189707042,41.020112454346645,115.91592011633975
33,Sacramento,CA,81.7,18.3,0.0,3806355505.2433853,334965.55205858324,6154257.63286767,152445.42960926518,1001.3590505927575,818.1896430185643,183.16940757419317,0.0
34,San Benito,CA,15.6,0.0,84.4,132713624.87488388,25462.85898423717,269628.46814669727,9400.581906949614,38.11738973579797,5.932832844870419,0.0,32.184556890927546
35,San Bernardino,CA,9.9,4.3,85.9,146725945.9046042,53433.01599675883,567438.8687844576,19936.323480682844,79.6082640331241,7.865594937771658,3.3873149530601334,68.35535414229231
36,San Diego,CA,47.7,22.0,30.4,1795370189.439052,313009.25919322594,4090972.869018668,132500.87124372716,617.5841374211661,294.3083180598246,135.64822910500806,187.62759025633343
37,San Francisco,CA,98.3,1.7,0.0,33071889424.61544,2594969.611503423,57502592.25993641,1116838.0944253618,9697.117686087937,9533.016022016936,164.1016640710003,0.0
38,San Joaquin,CA,58.1,19.7,22.2,1447220629.0132694,176534.36731396473,2599666.2167348755,75462.01238821783,402.2648962641287,233.61060200298712,79.36447493822422,89.28981932291735
39,San Luis Obispo,CA,41.0,7.6,51.4,205088355.0341709,38369.30157853395,487161.9191000213,15002.013237869656,72.65730906784673,29.811462371387332,5.534192878301397,37.31165381815801
40,San Mateo,CA,75.2,24.8,0.0,6635576706.927619,549059.2496119605,9926329.59269237,254039.84094842197,1597.469269058536,1200.9097964353894,396.55947262314675,0.0
41,Santa Barbara,CA,33.6,3.4,62.9,435176813.5176786,73559.69744998784,859218.4985110152,28026.528389428484,125.83886533690908,42.31297016363294,4.330868327675374,79.19502684560078
42,Santa Clara,CA,66.2,17.5,16.3,4133808929.540346,499416.580110069,7400478.257499419,214580.08138903964,1159.695372451748,767.670211611503,202.61422370358886,189.4109371366561
43,Santa Cruz,CA,69.6,0.0,30.4,2264055304.7150526,227919.8733068266,3391491.250533504,89930.433317609,534.4070826875127,372.1810768919739,0.0,162.22600579553878
44,Shasta,CA,16.3,0.0,83.7,57311552.51811595,18756.716026531743,204289.42136493014,6925.714056410417,28.994528264804647,4.730279848344626,2.979271876213447e-17,24.264248416460017
45,Sierra,CA,15.6,0.0,84.4,11142596.415915,1725.786465578558,18732.542535044595,636.8865176130439,2.6552275144930726,0.41508941329019505,0.0,2.240138101202878
46,Siskiyou,CA,5.6,0.0,94.4,6768027.267773377,3193.2316191737764,34294.438017122644,1169.1389156893076,4.788235213536019,0.26710875809010265,0.0,4.521126455445917
47,Solano,CA,74.7,25.3,0.0,1355032059.043644,140027.7731468242,2285510.054577647,64863.76275455879,365.2163331366023,272.73569694499037,92.48063619161196,0.0
48,Sonoma,CA,83.2,0.2,16.5,962459720.3158425,101655.86337269624,1713684.1451814228,41354.84010206562,278.0482149495288,231.43883709670152,0.6080769667652168,46.00130088606206
49,Stanislaus,CA,42.7,14.1,43.2,780129566.8328173,143535.74560802017,1865269.1649267771,57919.34116790772,279.4202894381757,119.3231323758535,39.39765805675171,120.69949900557052
50,Sutter,CA,17.3,0.0,82.7,365165276.1707143,61275.29177968493,670620.1324513205,22646.008923656645,95.35366335552197,16.4607054995767,0.04139330688401587,78.85156454906127
51,Tehama,CA,8.0,0.0,92.0,33155859.5780126,7744.649153526668,84215.41853789643,2839.656589853439,11.812351523489264,0.9421697530163142,0.0,10.870181770472948
52,Trinity CA,CA,7.2,0.0,92.8,10174625.163639015,1701.8208737018178,18434.58968676299,623.7099904568806,2.582052258171256,0.18692975459022773,0.0,2.395122503581028
53,Tulare,CA,15.7,2.5,81.8,118400771.93906158,41641.582786007675,475420.43151061883,15468.164955334703,67.73018976144304,10.625647074187198,1.6678446959764437,55.43669799127941
54,Tuolumne,CA,24.5,0.0,75.5,60882166.290540166,16859.879174238726,191585.84329483216,6267.824749063886,27.621883898483667,6.758515528050991,5.064626968360347e-17,20.863368370432674
55,Ventura,CA,49.4,7.0,43.6,1529898456.5953732,197348.57983661516,2552569.8036983768,78042.98713115114,385.99275852583605,190.64742479245936,26.87544577629503,168.46988795708177
56,Yolo,CA,66.3,23.3,10.4,433176217.5405469,48122.88642135669,767146.9208792053,21432.485027432052,120.84688017707889,80.11361018006504,28.177818030943474,12.555451966070391
57,Yuba,CA,15.1,0.0,84.9,110586984.97560295,40712.08693986917,460154.33361979865,14996.405365923913,65.43913876794562,9.891695511039995,0.0,55.54744325690562
58,Aitkin,MN,0.0,0.0,100.0,56660661.16510024,6180.779869822245,87403.26833228758,3531.8742270112525,12.408991125142247,0.0,0.0,12.408991125142247
59,Anoka,MN,60.7,39.3,0.0,4806885534.620931,393264.54693742463,7076750.904233943,225399.4279095057,1091.205881657644,662.7341670409683,428.47171461667574,0.0
60,Becker,MN,0.0,15.2,84.8,165572600.5795303,18227.976973896806,243919.23300053302,10864.683398684461,34.4806086208745,0.0,5.247680320072263,29.232928300802236
61,Beltrami,MN,3.4,0.0,96.6,81854528.65138486,12209.210268509425,173648.76723594178,6926.423998179597,24.753087978155165,0.8384728576333166,0.0,23.914615120521848
62,Benton,MN,4.8,22.9,72.2,565335236.0146068,67231.98299783739,922843.6937455456,40649.84099965467,131.39081070092897,6.35495480050257,30.128547321706293,94.9073085787201
63,Big Stone,MN,0.0,30.1,69.9,65290454.12827491,7607.958566956969,104027.82843241381,4726.733170080677,14.730813471149569,0.0,4.436387774486897,10.294425696662673
64,Blue Earth,MN,17.6,38.5,43.9,520928792.63589746,56227.293526457404,823335.3119099707,34918.50800434316,119.4246393632897,21.054502008440267,45.964329459085064,52.40580789576437
65,Brown MN,MN,11.4,0.0,88.6,261144242.25564155,28484.332258750757,410783.33633343695,15874.147179629841,59.11731545271564,6.715682305388731,0.0,52.401633147326905
66,Carlton,MN,22.9,28.8,48.3,248990060.14760014,26775.225480942805,392841.8620796139,16000.173906784568,57.31493961440987,13.119888876118695,16.50638915880429,27.68866157948689
67,Carver,MN,20.1,79.9,0.0,1423549992.2387638,157861.53418471743,2454343.752204897,111197.72271219926,358.48725322796867,72.17169547731602,286.31555775065266,0.0
68,Cass MN,MN,8.6,0.0,91.4,90697337.4780242,9576.670135965514,137446.66843429423,5370.416043792313,19.715642761812518,1.700828328078269,0.0,18.014814433734248
69,Chippewa,MN,13.9,45.3,40.8,119583605.85212745,14144.222108266424,206788.0582734779,9015.212382253641,29.869803758935294,4.140865945532952,13.535097105255007,12.193840708147343
70,Chisago,MN,41.4,58.6,0.0,633314892.6631024,69968.55484474356,1204214.172423601,44797.03853329541,181.22411789944607,75.01461931919529,106.20949858025078,0.0
71,Clay MN,MN,6.5,28.7,64.9,303572143.15368974,39639.8898567583,551516.074752766,24304.09172481217,78.74275622126605,5.098741589070239,22.562280579242103,51.081734052953706
72,Clearwater,MN,0.0,0.0,100.0,50145856.60800448,6570.882635593729,86058.04853144333,3754.790077482131,12.143872504855146,0.0,0.0,12.143872504855146
73,Cook,MN,14.3,0.0,85.7,21247899.333253916,2534.668985324425,34593.32035142056,1409.9333529347361,4.97288051797281,0.7091731122919388,0.0,4.263707405680872
74,Cottonwood,MN,0.0,62.2,37.8,93996634.87887757,12518.43425564899,179647.32622414306,8510.374720095208,25.533580745682027,0.0,15.870437356132852,9.663143389549177
75,Crow Wing,MN,15.5,12.3,72.2,411088797.36161226,43378.382836467,605319.6282635785,24975.574895280228,87.27898848457853,13.486233040902016,10.749274093054215,63.043481350622315
76,Dakota,MN,77.0,23.0,0.0,4517736139.374706,335045.5273156779,6281611.724609014,170424.12944173272,989.1295840389349,762.059668995745,227.06991504318995,0.0
77,Dodge,MN,8.6,23.6,67.8,263584364.49976778,31510.435648658247,445294.4526903359,18955.312013403873,63.79815856090476,5.492939518662526,15.045498502080696,43.25972054016153
78,Douglas,MN,15.4,19.6,65.0,277127472.14812493,38714.752706731524,546286.290600973,22784.483916522833,78.83257539620274,12.163662639259377,15.452397771849993,51.21651498509337
79,Faribault,MN,0.0,6.2,93.8,144568071.90698352,15275.699532335122,201806.76949118284,8879.653588331394,28.49780203122631,0.0,1.7622923438824605,26.73550968734385
80,Fillmore,MN,19.1,7.7,73.2,116763144.89724836,16656.545918959713,233429.4694067108,9391.81030999652,33.80006954603506,6.445936723557414,2.611117612910716,24.743015209566934
81,Freeborn,MN,34.9,63.2,1.8,230166187.47056586,25438.841401411697,414184.0764997801,16702.756902615944,61.671336681341906,21.54715614910188,38.998099243798855,1.1260812884411677
82,Goodhue,MN,44.0,33.8,22.2,358037743.8764966,35472.49411366764,566787.02707845,20696.732061550818,85.13578731511893,37.45471686146836,28.74022313890158,18.94084731474899
83,Grant,MN,0.0,30.2,69.8,67892784.95329832,7910.094680385289,108164.83143607706,4914.941969497957,15.316695855224753,0.0,4.618363434033859,10.698332421190894
84,Hennepin,MN,91.6,8.4,0.0,11238675339.736376,927703.634994066,18096345.966607116,411706.40779925976,2904.411325328627,2659.9489514822317,244.46237384639565,0.0
85,Houston MN,MN,8.2,0.0,91.8,161764830.5069395,23387.90525633176,335406.11493719864,13128.7484104931,48.0855268830449,3.93267700132957,0.0,44.152849881715326
86,Hubbard,MN,1.0,4.6,94.4,155992140.3192265,16474.2285121668,217783.17508844897,9516.760381343345,30.789423653009965,0.32031948578064656,1.4067421071110273,29.062362060118296
87,Isanti,MN,37.4,48.8,13.8,539627769.0835578,50718.00483714784,811839.3667650312,31584.595932940796,121.06867235436927,45.23826395039858,59.12646342079056,16.70394498318013
88,Itasca,MN,0.0,4.1,95.9,71504364.39778957,12672.54781420253,166916.50629263467,7323.2206016968785,23.565049131806084,0.0,0.9562679319659245,22.608781199840163
89,Jackson MN,MN,0.0,56.0,44.0,73510179.49250479,10092.369079151387,143453.60051893222,6741.911599443514,20.374632636397518,0.0,11.40116489469147,8.973467741706047
90,Kanabec,MN,5.9,22.4,71.7,186168709.4745641,22147.43624253719,304712.6100010353,13351.470112311295,43.43866629855862,2.542396651750622,9.749643778782405,31.146625868025595
91,Kandiyohi,MN,23.7,31.5,44.9,295466494.72567886,34264.854509058285,506260.1454595656,20620.952452669164,73.96223573485948,17.503145767051336,23.27374636821727,33.18534359959086
92,Kittson,MN,0.0,13.2,86.8,24635485.036457818,3064.984228306413,40897.192401920634,1816.737361713281,5.779920750197487,0.0,0.7639171681209752,5.016003582076512
93,Koochiching,MN,0.0,0.0,100.0,28281192.434448965,2979.961051136089,42140.041944930366,1702.834890965732,5.982790336558131,0.0,0.0,5.982790336558131
94,Lac qui Parle,MN,1.9,38.3,59.8,45552409.37176887,6692.987912750105,93171.11020481789,4244.167054237726,13.238852201442832,0.2544124278941362,5.068728440134322,7.915711333414375
95,Lake MN,MN,4.9,2.7,92.3,22021255.520809826,3794.825377425221,50593.305668442306,2166.1352999015785,7.187245791478848,0.3542315336141227,0.19728767283050427,6.63572658503422
96,Lake of the Woods,MN,0.0,0.0,100.0,17957008.75820287,2353.003962649543,30817.00541425984,1344.573681935542,4.348666930175542,0.0,0.0,4.348666930175542
97,Le Sueur,MN,20.9,56.1,23.0,318305943.04305196,38689.58307335768,589978.6567430253,25267.20295926553,86.12844215170693,17.99348471343257,48.353536411444864,19.781421026829488
98,Lincoln,MN,0.0,14.9,85.1,50150784.992091395,8105.292394882601,108416.8100276289,4827.236160869817,15.325370698472495,0.0,2.2880892098286565,13.037281488643838
99,Lyon,MN,15.4,40.3,44.2,189864727.7551609,23939.37071676376,349007.9377630119,14998.54609626357,50.48708336190573,7.786628955761526,20.362468319620913,22.337986086523298
100,McLeod,MN,28.1,65.6,6.3,378191291.04260474,44283.12942167493,705066.6875563359,29558.763853818436,104.04479592895613,29.222436318724807,68.2829648137937,6.539394796437633
101,Mahnomen,MN,0.0,0.0,100.0,44090657.81407404,6742.633514854501,95348.51705928535,3852.933437059715,13.53700988388142,0.0,0.0,13.53700988388142
102,Marshall,MN,0.0,0.7,99.3,30571962.640304483,4009.906775402407,52569.78780531225,2295.916885437628,7.418870839314325,0.0,0.05311583725243202,7.365755002061893
103,Martin MN,MN,15.2,16.3,68.4,189273872.14377263,20171.352725567736,283031.5422118715,11759.773368877806,40.81718600625819,6.219162571050345,6.671828757613915,27.926194677593926
104,Meeker,MN,6.4,31.9,61.6,233823804.05078778,26770.32638470974,374256.1536260766,16570.8419738958,53.45145681034171,3.4342398113710133,17.071799703376318,32.94541729559438
105,Mille Lacs,MN,11.2,42.0,46.8,234661702.57377997,30668.047911097136,442149.1307158708,19425.007391099232,63.619365728364,7.128519858118852,26.746069437892054,29.7447764323531
106,Morrison,MN,1.8,17.7,80.4,202425489.97299707,21514.31785981573,290467.7725316472,12877.836785883801,41.16928657265111,0.7483422158067734,7.303923250451976,33.117021106392365
107,Mower,MN,16.2,49.1,34.7,329271174.09806156,35740.581081328055,529897.4567323981,22970.327794874105,76.81396245619116,12.455249399363726,37.68740624942889,26.671306807398548
108,Murray,MN,0.0,25.8,74.2,78961201.61429937,8982.93902954724,122048.91287381049,5513.571836038496,17.27396828730442,0.0,4.449669079979906,12.824299207324515
109,Nicollet,MN,29.4,19.3,51.3,404704156.5773455,46891.756411457005,692534.4664588601,26851.166793758664,101.80738293042938,29.938592266563205,19.63705066288512,52.23174000098106
110,Nobles,MN,15.4,37.1,47.6,184583386.23924282,19892.116273671312,288450.2703095764,12340.781464566091,41.708501536835094,6.415686205961073,15.457712562892771,19.835102767981247
111,Norman,MN,0.0,0.0,100.0,35675695.95858793,5455.7621601555475,77150.69163337302,3117.5783608638517,10.953391942382408,0.0,0.0,10.953391942382408
112,Olmsted,MN,54.5,45.5,0.0,1409574117.355349,113556.2616610724,2013477.7278299958,67647.94007490636,308.0344547860332,167.9448043847928,140.08965040124036,0.0
113,Otter Tail,MN,0.0,18.2,81.8,128165295.01011121,21331.529693702247,286688.7805085829,12821.671210120543,40.54069129462067,0.0,7.394115720147581,33.14657557447309
114,Pennington,MN,0.0,0.0,100.0,92845033.00517377,17055.666023322574,223375.96704348247,9746.094522925214,31.52115737061485,0.0,0.0,31.52115737061485
115,Pine,MN,22.3,13.4,64.3,123400269.54082403,14147.09354356195,202105.64597329107,8063.949765072923,29.410701989457866,6.567176814954273,3.929012271760072,18.914512902743517
116,Pipestone,MN,23.9,40.4,35.7,115431181.25813076,13113.341862790423,196787.37353646342,8116.350947737364,28.787992818053777,6.868414488608875,11.641514659556396,10.278063669888507
117,Polk MN,MN,2.0,0.0,98.0,102201753.26006226,11076.353118620404,157166.5238381272,6302.396866159884,22.366888568373035,0.4494915246498452,0.0,21.91739704372319
118,Pope,MN,0.0,33.3,66.7,76512759.57313056,11768.76058371272,161691.09355350723,7377.2589997805,22.905334077731798,0.005040519147754336,7.631541122839184,15.268752435744858
119,Ramsey,MN,100.0,0.0,0.0,23941401466.375835,1496523.7300607043,28784421.727590457,602385.2061598295,4662.2539615799005,4662.2539615799005,0.0,0.0
120,Red Lake,MN,0.0,24.9,75.1,42744469.67787293,6870.722906890962,93228.75647249004,4206.58109142544,13.193588447920593,0.0,3.2800130432671075,9.913575404653487
121,Redwood,MN,15.0,53.1,31.8,99539701.92539713,11848.200033691035,176117.43374475854,7721.761950073528,25.501609088384335,3.827206648971285,13.553303542566802,8.121098896846245
122,Renville,MN,16.6,53.9,29.5,84579301.58122954,10280.61727164144,153854.57001992053,6702.024761269135,22.327669685605745,3.7122626171780415,12.030477990774296,6.584929077653407
123,Rice,MN,19.2,49.5,31.3,674467410.689068,82757.60141541788,1240490.1106350012,53058.54112700833,180.53840753383204,34.61803084223013,89.41530289458606,56.50507379701584
124,Rock,MN,15.2,33.2,51.6,125174051.46593983,13459.84408908603,193865.4631001855,8254.434838482346,28.01297530339617,4.262786373858702,9.288570954804076,14.461617974733395
125,Roseau,MN,0.0,0.0,100.0,53864305.01997485,7058.131062298322,92439.48021119859,4033.217775523121,13.044373002664509,0.0,0.0,13.044373002664509
126,St. Louis,MN,10.8,3.6,85.6,221237875.71823868,23002.665172285244,312348.8314580735,13021.386269266211,44.7152350233321,4.816312095221677,1.6154847431756023,38.28343818493482
127,Scott,MN,73.5,26.5,0.0,1980293007.1028624,185601.1512696507,3255206.886298096,97125.87102638045,508.5195020141608,373.83478831674506,134.6847136974158,0.0
128,Sherburne,MN,36.0,64.0,0.0,1218942060.4873452,112174.53230064886,1907983.3778761288,73755.60142013365,285.21171494766895,102.57055278494491,182.64116216272407,0.0
129,Sibley,MN,2.9,32.1,65.0,122253802.70016424,18347.63420570367,253792.35672467938,11419.799079111175,36.079751910309305,1.0305227428288033,11.593722092669745,23.455507074810754
130,Stearns,MN,8.5,48.9,42.6,644228835.1190838,75475.67783681885,1090464.146141894,48945.3171800559,156.48115041473932,13.359752161550647,76.49570072360669,66.62569752958198
131,Steele,MN,34.6,37.0,28.3,475584717.615706,51615.27493628461,800560.206682261,31026.285188935053,118.7748024531881,41.140194811995954,44.00176890223324,33.63283873895891
132,Stevens,MN,23.1,64.3,12.6,86667001.47621378,10538.813138302776,164288.809163881,7045.81488066089,24.077188948268642,5.553897239906033,15.493439542657612,3.029852165704998
133,Swift,MN,0.0,29.8,70.2,88928747.86243585,9503.352455183582,129892.72898045093,5899.8339808350265,18.39282128818474,0.0,5.489188810416084,12.903632477768657
134,Todd,MN,7.5,19.1,73.3,146240982.36791813,18703.746039607104,257365.364631284,11138.511590696968,36.75519724185222,2.7694182534693783,7.026637967707321,26.959141020675524
135,Traverse,MN,0.0,0.0,100.0,40887256.01235055,4308.249492073561,60923.55315018942,2461.856728152194,8.649560377904244,0.0,0.0,8.649560377904244
136,Wabasha,MN,26.9,44.2,28.8,224186578.12314767,25769.31500510534,393477.156001545,16066.689484532926,57.82608139477076,15.581140077478768,25.56752240038854,16.677418916903452
137,Wadena,MN,4.8,0.0,95.2,162185725.98029342,17691.282549023996,252231.40743061304,10005.577864053048,36.015573724331865,1.7301772434678182,0.0,34.285396480864044
138,Waseca,MN,0.0,68.1,31.9,280641068.03730196,30611.555050595718,443386.01082776673,21164.294352743316,63.062765851907145,0.0,42.94516199132645,20.11760386058069
139,Washington MN,MN,63.0,37.0,0.0,3738670715.7764354,321820.5302356082,5603950.562347443,181760.6054928412,864.5890257675353,544.3911242264795,320.1979015410558,0.0
140,Watonwan,MN,0.0,47.4,52.6,165642611.62854326,18065.993098009643,253460.19170151764,11780.456699321985,35.963002388796795,0.0,17.040540571609874,18.92246181718692
141,Wilkin,MN,0.0,13.5,86.5,48504697.3395281,6476.454923517592,86447.1393168983,3841.39812266215,12.217743492636728,0.0,1.6439810801417392,10.57376241249499
142,Winona,MN,16.2,34.1,49.8,508927480.73317724,54768.273699070276,792409.9226133253,33630.33570422512,114.65555903328938,18.528326141876633,39.047604143045575,57.07962874836715
143,Wright,MN,47.4,52.6,0.0,1025095176.2548435,99468.16648701276,1734840.2995206038,61723.21103261437,263.02692389679146,124.55882544141191,138.4680984553796,0.0
144,Yellow Medicine,MN,1.9,60.3,37.8,71010549.45257613,9353.416557217024,134668.05761025212,6313.526323901562,19.18453536485922,0.37091412078234637,11.564701798574893,7.24891944550198
145,Anderson,TX,10.3,0.0,89.7,191310273.27258936,14598.838793828732,316497.9314926943,10966.32969823132,46.82750493599673,4.814165040156145,0.0,42.01333989584059
146,Andrews,TX,0.0,0.0,100.0,23923416.663479295,5913.556874012554,104208.63682729474,4514.131463730907,15.017528233712909,0.0015365017828192335,0.0,15.01599173193009
147,Angelina,TX,13.7,0.0,86.3,420342584.0271354,31705.842352133048,691691.8553783132,23682.0995314486,102.89328610214872,14.100541754723743,0.0,88.79274434742497
148,Aransas,TX,22.7,0.0,77.3,388002491.33191043,30809.90225092632,683597.2135166657,22655.985662940246,103.14828106032355,23.364642128898655,0.0,79.7836389314249
149,Archer,TX,2.8,0.0,97.2,79653602.77264121,6274.569382467253,91394.27478380264,4781.603501234623,13.057102645303452,0.3603846375303119,0.0,12.696718007773141
150,Armstrong,TX,0.0,0.0,100.0,4834584.081776773,1460.2932101651177,20950.30518892674,1114.7276069206223,2.9776407449491753,0.0,0.0,2.9776407449491753
151,Atascosa,TX,0.0,9.7,90.3,239224392.47784415,19348.085021942625,291354.3701580262,14900.60973609808,41.55651653404879,0.0,4.047661584985864,37.50885494906293
152,Austin,TX,13.7,2.5,83.8,361845883.42294294,28212.199632487147,444149.18794508337,21389.378909464383,64.84065208783186,8.853295705544246,1.6496095949315397,54.33774678735607
153,Bailey,TX,0.0,0.0,100.0,32330453.545428924,2552.664680689456,54343.326112697556,1948.5989910461697,7.9124621884211,0.0,0.0,7.9124621884211
154,Bandera,TX,14.1,0.3,85.7,202220502.907223,16015.370722450287,249677.9826818263,12112.971427162653,36.44806697928217,5.125842740666101,0.10296564053094906,31.219258598085116
155,Bastrop,TX,18.5,13.3,68.2,263014795.92411193,42900.71767156449,742629.6222484941,32762.47537015144,109.87220627146316,20.303221302707875,14.595524404661374,74.97346056409391
156,Baylor,TX,0.0,0.0,100.0,19886701.971914116,1572.3768331792478,33474.11243115131,1200.2876140369483,4.873876345561061,0.0,0.0,4.873876345561061
157,Bee,TX,0.0,0.0,100.0,109684406.16696149,8660.178883235123,184365.34850194099,6610.823537698286,26.84384581914685,0.0,0.0,26.84384581914685
158,Bell,TX,36.3,37.7,26.0,933511326.1834263,78515.89033849152,1918350.890947426,61130.068619316924,296.8280197447042,107.64443167373284,111.99681070507013,77.18677736590118
159,Bexar,TX,65.7,34.3,0.0,4909100837.218307,218790.14695681632,7925826.007001016,162114.22303237568,1302.7076349792712,856.4160120017422,446.291622977529,0.0
160,Blanco,TX,18.5,0.0,81.5,49428773.313255794,11740.342930697308,187986.74667402648,8846.365996635886,27.675675287197333,5.122614279007007,0.0011097243712028602,22.55195128381912
161,Borden,TX,0.0,0.0,100.0,1930386.8880809143,583.0761953683967,8365.186089812947,445.09633480900743,1.1889334475838578,0.0,0.0,1.1889334475838578
162,Bosque,TX,2.1,0.0,97.9,97234550.31546994,7680.981324098811,164118.40641397875,5844.673061858964,23.97408692768302,0.5054925135659192,0.0,23.468594414117103
163,Bowie,TX,8.5,0.0,91.5,271148848.70837027,30645.73483117628,662229.2978804662,23087.729958892927,97.70329229406353,8.28325785361907,0.0,89.42003444044445
164,Brazoria,TX,27.4,12.1,60.4,1095259913.633414,88009.54753660785,1617965.325207833,66631.66433552011,243.50501030786606,66.7508943427161,29.560411312947398,147.1937046522025
165,Brazos,TX,50.3,20.1,29.6,811457733.8605676,70500.19882311745,1718805.284868775,52501.84850839959,271.7983755946331,136.58189923904038,54.70198054471385,80.5144958108789
166,Brewster,TX,0.0,0.0,100.0,4628479.916581133,562.6671300329429,11978.542896337858,429.5168953769511,1.7440921204068804,0.0,0.0,1.7440921204068804
167,Briscoe,TX,0.0,0.0,100.0,8845095.616560424,699.3529340522953,14888.427901746772,533.8572068253256,2.1677753691384782,0.0,0.0,2.1677753691384782
168,Brooks,TX,0.0,0.0,100.0,38397072.60400015,2252.5048655662076,46561.24783222595,1719.4693670735792,6.76939124240484,0.0,0.0,6.76939124240484
169,Brown TX,TX,0.0,12.4,87.6,133963421.43910685,20762.038598820665,317002.12296690186,16030.990975537705,45.25890105491867,0.0,5.623393824654581,39.63550723026408
170,Burleson,TX,4.0,0.0,96.0,90347428.47778386,17454.568150573723,255953.16649115505,13291.298824325591,36.649540913408565,1.4513985032456986,0.0,35.19814241016287
171,Burnet,TX,19.6,15.5,64.9,149664127.41964358,22731.950057228605,402402.48406349256,17387.721597412343,59.719912135481934,11.72504018071768,9.265646743601762,38.7292252111625
172,Caldwell,TX,2.5,3.7,93.8,143126451.1964083,38119.91072099946,564775.2083879713,29148.210579598246,80.7619150235577,2.0561074869281826,2.949173509005845,75.75663402762368
173,Calhoun,TX,0.0,0.0,100.0,285067102.0440376,22539.32799305501,323363.68479204486,17205.593875779337,45.95927708941678,0.0,0.0,45.95927708941678
174,Callahan,TX,0.0,0.0,100.0,46532890.72819701,9128.718261186696,130966.46326547858,6968.487233313913,18.61409961617662,0.0,0.0,18.61409961617662
175,Cameron,TX,19.2,0.0,80.8,1375016993.6313167,109217.9629642101,2407461.629637611,80806.26081744529,361.280781033581,69.47552759949805,0.0,291.8052534340829
176,Camp,TX,1.0,0.0,99.0,368077906.71310246,29068.680798259687,619936.1341190649,22155.640941448022,90.40678837335186,0.925672484756876,0.0,89.48111588859497
177,Carson,TX,0.0,0.0,100.0,20157201.53876247,3954.3946012909955,56732.2879311469,3018.621851296429,8.063289213448957,0.0,0.0,8.063289213448957
178,Cass TX,TX,0.0,0.0,100.0,144202407.1388091,11385.561649712956,242385.6651756793,8691.268918836711,35.29168174196847,0.0,0.0,35.29168174196847
179,Castro,TX,0.0,0.0,100.0,23418699.423322458,2846.92431191122,60607.77989208818,2173.224743245449,8.824575094417252,0.0,0.0,8.824575094417252
180,Chambers,TX,4.8,12.0,83.2,378078304.8111238,30283.703823410713,574555.4102324927,23348.235580779623,83.73790352967578,4.002142891832193,10.060409755215304,69.67535088262828
181,Cherokee,TX,0.0,0.0,100.0,191581336.72962534,15126.385560820314,322023.53850698017,11546.859047233722,46.88706474324089,0.0,0.0,46.88706474324089
182,Childress,TX,15.5,0.0,84.5,35517097.37868051,2818.507104343019,61697.089337382706,2098.7247506838694,9.204414112477654,1.42965287440498,0.0,7.774761238072673
183,Clay TX,TX,11.3,0.0,88.7,28489516.781618062,5340.525019724979,81723.74446713162,4046.504577389432,11.865298547561773,1.337785989247934,0.0,10.527512558313838
184,Cochran,TX,0.0,0.0,100.0,15508046.184609432,1224.4443269044702,26067.02573695414,934.690330903696,3.795394439785848,0.0,0.0,3.795394439785848
185,Coke,TX,0.0,0.0,100.0,13495106.805490032,1640.5501003872864,34925.443514323015,1252.328326768846,5.085192052398872,0.0,0.0,5.085192052398872
186,Coleman,TX,0.0,0.0,100.0,35257163.935699314,2783.744391598373,59262.74975315901,2124.995681273208,8.628736887315306,0.0,0.0,8.628736887315306
187,Collin,TX,50.0,49.5,0.5,3233994056.2869625,178405.30488276025,6140533.284198639,140742.91622336474,982.7109344111267,491.17454902077327,486.14571606882816,5.390669321525157
188,Collingsworth,TX,2.3,0.0,97.7,14547144.900978941,1150.789887428806,24596.9335754828,875.4133947635178,3.594133958523193,0.08263164100905773,0.0,3.511502317514135
189,Colorado,TX,19.2,0.0,80.8,118207367.89707938,9377.651899353725,206686.71754103515,6938.866750531619,31.014064319142243,5.946481525064721,0.0,25.067582794077524
190,Comal,TX,41.6,46.3,12.1,758223963.1369352,65933.69635158613,2006210.9902837656,52064.610993143586,315.61497007914556,131.1780237221972,146.102985650859,38.33396070608927
191,Comanche,TX,0.0,0.0,100.0,45532022.25743639,8932.370109858235,128149.52535526374,6818.603173113632,18.213731959554423,0.0,0.0,18.213731959554423
192,Concho,TX,0.0,0.0,100.0,9284819.358425857,1128.7210090679093,24029.185839790447,861.6191112208896,3.4986821495041163,0.0,0.0,3.4986821495041163
193,Cooke,TX,0.0,0.0,100.0,106843809.55211665,32272.329864568415,462999.59188759426,24635.365855052652,65.80555330096634,0.0,0.0,65.80555330096634
194,Coryell,TX,6.9,0.0,93.1,228994916.6687261,18134.369697338378,390752.62768685614,13696.774603494456,57.50684814450804,3.9596001581649816,0.0,53.54724798634306
195,Cottle,TX,0.0,0.0,100.0,4785649.532570181,581.7736571455856,12385.29897408621,444.10203394987354,1.8033163698708474,0.0,0.0,1.8033163698708474
196,Crane,TX,0.0,0.0,100.0,10983867.660040073,3317.6933492470093,47597.761470647805,2532.5903837751844,6.765010464048383,0.0,0.0,6.765010464048383
197,Crockett,TX,4.2,0.0,95.8,8163321.967836307,635.7204846460708,13633.162720267355,482.18481530651746,1.9979859738462955,0.08387226354464584,0.0,1.9141137103016497
198,Crosby,TX,0.0,0.0,100.0,16674020.604355931,2026.9987269467383,43152.49645078083,1547.3272546706391,6.2830621707668755,0.0,0.0,6.2830621707668755
199,Culberson,TX,3.0,0.0,97.0,1580607.6193913238,187.26814507351295,4007.404326166768,142.3082699634232,0.586183692395978,0.017448920713869446,0.0,0.5687347716821086
200,Dallam,TX,0.0,0.0,100.0,8640582.228345215,2609.9004895364005,37443.31016810809,1992.2904170206198,5.321770899093237,0.0,0.0,5.321770899093237
201,Dallas,TX,98.3,1.7,0.0,14966189460.551672,327820.01494354854,13987281.39895487,197414.15642980035,2437.315763377747,2396.39748002649,40.91828335125718,0.0
202,Dawson,TX,0.0,0.0,100.0,33647649.79906832,4090.419923892543,87080.38489135915,3122.4580309361486,12.679022465694997,0.0,0.0,12.679022465694997
203,Deaf Smith,TX,0.0,0.0,100.0,36858694.95506618,4480.774724290986,95390.59556353667,3420.438742761553,13.88900023248543,0.0,0.0,13.88900023248543
204,Delta,TX,0.0,0.0,100.0,103887261.75411272,8214.027839968852,174867.30263798308,6270.25017034946,25.46091696680619,0.0,0.0,25.46091696680619
205,Denton,TX,61.8,38.2,0.0,3211889799.096572,135068.7474955375,4899777.899712214,101872.89852828677,800.2099194929147,494.16944054861386,306.04047894430073,0.0
206,DeWitt,TX,0.0,0.0,100.0,114582436.26062323,9046.904810363321,192598.3112846888,6906.034269369345,28.042575428367115,0.0,0.0,28.042575428367115
207,Dickens,TX,0.0,0.0,100.0,12271688.454560375,970.2824589342192,20656.209660605684,740.6736429328707,3.00757216177012,0.0,0.0,3.00757216177012
208,Dimmit,TX,0.0,0.0,100.0,23746536.19127027,2886.778304201119,61456.22417005547,2203.647571947589,8.948109842544572,0.0,0.0,8.948109842544572
209,Donley,TX,0.0,0.0,100.0,9766171.891688947,1187.237265424227,25274.930250322046,906.2880008976293,3.6800642150167335,0.0,0.0,3.6800642150167335
210,Duval,TX,0.0,0.0,100.0,26767282.17360541,2113.422110409868,44992.351745014304,1613.2993324155652,6.550947570674014,0.0,0.0,6.550947570674014
211,Eastland,TX,23.8,0.0,76.2,79573105.4052333,7906.748689409827,175829.85803423886,5801.796185823716,26.58093786124204,6.3321022006689756,0.0,20.248835660573064
212,Ector,TX,16.1,3.8,80.1,1112878430.9007483,86693.03911051403,1395906.0284932277,65687.20444876666,204.8308587514356,32.90582463598114,7.810593335984591,164.1144407794699
213,Edwards,TX,0.0,0.0,100.0,3673974.128577081,446.63140304968505,9508.274398000243,340.94000164316964,1.3844176521749805,0.0,0.0,1.3844176521749805
214,Ellis,TX,42.1,17.0,40.8,626747866.0847238,50466.9138106676,1266012.4619583169,37747.2841418427,197.9033380474555,83.38921438780015,33.733912924498156,80.7802107351572
215,El Paso,TX,29.3,0.0,70.7,2439853993.2635064,194314.9858841722,4367960.082670662,141125.54347665087,666.1722753094966,195.101773192863,0.0,471.0705021166336
216,Erath,TX,1.8,0.0,98.2,106068745.53930445,12692.075090183378,271057.0141754326,9661.890125393442,39.57819925009533,0.7233060805801282,0.0,38.85489316951521
217,Falls,TX,0.0,0.0,100.0,95525775.2294956,7542.278143342176,160566.51813299573,5757.464241531163,23.378703380741303,0.0,0.0,23.378703380741303
218,Fannin,TX,0.0,0.0,100.0,108754565.6500572,21335.226309639136,306088.88045736763,16286.432871557872,43.50403047920102,0.0,0.0,43.50403047920102
219,Fayette,TX,26.4,0.0,73.6,131050215.36660743,14913.597569704676,251963.4055713215,11159.374184217395,37.67231486471693,9.958656663943882,2.211723269698781e-16,27.713658200773047
220,Fisher,TX,0.5,0.0,99.5,20614377.545356147,1630.1030737278643,34734.54630504115,1243.3715111447805,5.061511303856427,0.02658609741907422,0.0,5.034925206437352
221,Floyd,TX,0.0,0.0,100.0,28269850.213124517,2235.205106521943,47584.973133913154,1706.2634116251388,6.928436727366922,0.0,0.0,6.928436727366922
222,Foard,TX,0.0,0.0,100.0,6355746.262406003,772.6444888322922,16448.721388648733,589.8049537405755,2.394956253362806,0.0,0.0,2.394956253362806
223,Fort Bend,TX,37.9,41.2,21.0,2386657175.259814,167769.54337936646,4737539.237661654,131537.12037758232,739.0691146989892,279.7411202336441,304.3906133739455,154.93738109139954
224,Franklin,TX,0.0,0.0,100.0,184997250.2646005,14606.536423445184,310956.53519274516,11150.027954471132,45.27569437851408,0.0,0.0,45.27569437851408
225,Freestone,TX,0.0,0.0,100.0,109302703.87894353,8642.209130504629,183982.8012655243,6597.10631520304,26.788145450982586,0.0,0.0,26.788145450982586
226,Frio,TX,0.0,0.0,100.0,55439033.96559329,4383.384031760035,93317.25628584031,3346.094662549625,13.587119541243935,0.0,0.0,13.587119541243935
227,Gaines,TX,0.0,0.0,100.0,94840615.69182128,7498.738996588734,107581.72892919544,5724.228172060904,15.290456776770114,0.0,0.0,15.290456776770114
228,Galveston,TX,51.4,48.6,0.0,3445386274.375063,143006.86386966842,4881331.040971778,112406.48539214184,782.7084401545626,402.05873802060484,380.64970213395776,0.0
229,Garza,TX,0.0,0.0,100.0,21917309.14740344,1732.9302718118856,36892.11360492137,1322.8475776013756,5.3715419089960745,0.0,0.0,5.3715419089960745
230,Gillespie,TX,22.2,0.0,77.8,81293984.77434622,14482.822703252841,237696.59266084174,10879.012584978085,35.24712404201798,7.829631152111011,0.011156364402663356,27.406336525504294
231,Glasscock,TX,0.0,0.0,100.0,7364280.096598823,1182.4380316767713,20835.85975841407,902.6244865132667,3.002606035426974,0.0,0.0,3.002606035426974
232,Goliad,TX,0.0,0.0,100.0,70586195.76673624,5581.020851770042,80068.91318687252,4260.321309274261,11.38009469327969,0.0,0.0,11.38009469327969
233,Gonzales,TX,0.7,0.0,99.3,96656548.75652486,7632.861267774643,162701.01941711165,5820.188156236874,23.716400634487307,0.1739027344453111,0.0,23.542497900041997
234,Gray,TX,0.0,0.0,100.0,100127874.00078188,7905.638819232505,168302.05815714048,6034.838775170792,24.505007700000213,0.0,0.0,24.505007700000213
235,Grayson,TX,18.0,0.0,82.0,784777608.1577694,62165.71798577193,992355.2857835087,46859.6799542026,145.96313802256424,26.332025806064294,0.0,119.63111221649994
236,Gregg,TX,45.4,0.0,54.6,2157771264.859881,156543.71924201344,3073105.7471012026,114600.26198029293,477.28711356992056,216.77276136742003,0.0,260.51435220250056
237,Grimes,TX,11.7,0.0,88.3,126594291.25833854,13916.583555461302,302509.4550954399,10428.819786172995,44.860748432616816,5.266415267334554,0.0,39.59433316528226
238,Guadalupe,TX,45.5,22.7,31.7,659240067.4820751,60407.07535498384,1429243.947701392,45455.751300435826,224.04752003374108,102.02049065092086,50.92043019822861,71.1065991845916
239,Hale,TX,0.0,0.0,100.0,74649591.96084735,9074.873865686988,193193.73374487276,6927.384657648233,28.129270625660034,0.0,0.0,28.129270625660034
240,Hall,TX,0.0,0.0,100.0,19420985.136254773,1139.3019970752423,23550.370574945784,869.6962168304864,3.4239132895374267,0.0,0.0,3.4239132895374267
241,Hamilton,TX,8.4,0.0,91.6,54950790.15305402,4353.134891866866,94049.5018626318,3280.1100830946725,13.87343631043385,1.161262570072998,0.0,12.71217374036085
242,Hansford,TX,0.0,0.0,100.0,43852012.91571086,3467.235950902904,49743.19587740947,2646.74497994151,7.069938356834564,0.0,0.0,7.069938356834564
243,Hardeman,TX,0.0,0.0,100.0,14855051.113918008,1805.8734250784767,38444.991756747826,1378.5293779149897,5.597642976547733,0.0,0.0,5.597642976547733
244,Hardin,TX,15.8,0.0,84.2,118383945.28429641,29142.80194527756,458666.93353784725,22006.189663439134,67.17630464636574,10.630077355213027,1.6865855123758235e-16,56.54622729115272
245,Harris,TX,89.8,10.2,0.0,3571841356.3309894,298698.09589557373,12154156.026670145,192597.32147993697,2085.044808327434,1872.202400030996,212.84240829643826,0.0
246,Harrison,TX,19.1,0.0,80.9,138045810.27189258,32527.248705762868,522886.61049323797,24496.975057530908,77.07086274697178,14.734837785612772,1.6689990899504527e-16,62.336024961359
247,Hartley,TX,0.0,0.0,100.0,11597987.870314829,2275.2672477297024,32642.446511125265,1736.84520116851,4.639430163341046,0.0,0.0,4.639430163341046
248,Haskell,TX,0.0,0.0,100.0,26245344.25238421,2072.2122261333075,44115.04089661411,1581.8413939948912,6.423209921927162,0.0,0.0,6.423209921927162
249,Hays,TX,70.3,29.7,0.0,645769784.5652807,47060.71435946298,1740017.611190923,34111.57884179132,288.2999079616152,202.77183035437722,85.52807760723798,0.0
250,Hemphill,TX,0.0,0.0,100.0,38558974.76072675,3048.7326296555398,43739.079054514805,2327.27681990012,6.216580637900178,0.0,0.0,6.216580637900178
251,Henderson,TX,8.6,0.0,91.4,419474803.94804907,33231.88322033355,718237.5948213901,25032.21329261984,105.9825029642414,9.086680598982772,0.0,96.89582236525862
252,Hidalgo,TX,15.3,0.0,84.7,1159414290.852492,123715.91257046277,2706774.4268285306,92164.26427477854,403.6425771788155,61.60098862728497,0.0,342.04158855153054
253,Hill,TX,11.3,0.0,88.7,181213454.67136112,14346.710690984331,311584.17043501476,10759.723839877188,46.17130260391463,5.197041394817201,0.0,40.97426120909743
254,Hockley,TX,0.0,0.0,100.0,77534784.54235616,9425.616033606635,200660.63989995507,7195.1267734634375,29.21646161569014,0.0,0.0,29.21646161569014
255,Hood,TX,39.0,28.0,33.0,556062338.1933763,47836.98545790828,1104392.439158332,36560.330067682415,171.18635368402036,66.79456353517608,47.956352328945584,56.43543781989867
256,Hopkins,TX,14.0,0.0,86.0,134747647.6001533,24961.188713381838,388378.414805507,18875.091661083407,56.68205713436587,7.9319365619794215,0.0,48.75012057238644
257,Houston TX,TX,0.0,0.0,100.0,47243178.00909734,9268.060433387032,132965.5563490071,7074.855574213853,18.898228869883962,0.0,0.0,18.898228869883962
258,Howard,TX,12.3,0.0,87.7,81836989.1573073,15275.544715699867,235158.490704281,11565.936693417229,34.206602419429146,4.194246612144215,0.0,30.01235580728493
259,Hudspeth,TX,0.5,0.0,99.5,2139486.660965486,258.9416366457718,5517.4482775368015,197.51341713587647,0.8039846072496879,0.004114010487459699,0.0,0.7998705967622282
260,Hunt,TX,15.4,0.0,84.6,208410715.94325006,51570.72417822776,809650.6858117998,38953.71288012395,118.49204705837552,18.28665933610847,1.7874392789396394e-16,100.20538772226705
261,Hutchinson,TX,0.0,0.0,100.0,43894130.05581354,13258.286108365946,190211.90666415752,10120.829394006665,27.034580057447496,0.0,0.0,27.034580057447496
262,Irion,TX,0.0,0.0,100.0,20408669.76110799,1613.6471138676427,23150.418947794853,1231.791723367977,3.2903401888427033,0.0,0.0,3.2903401888427033
263,Jack,TX,0.0,0.0,100.0,49648942.19809325,3925.5802921391246,83571.13726058626,2996.626190617375,12.16807113945679,0.0,0.0,12.16807113945679
264,Jackson TX,TX,12.4,0.0,87.6,124464616.27493414,9666.590353674488,148942.2558729738,7318.32320796687,21.671378709603527,2.688373410815797,0.0,18.98300529878773
265,Jasper,TX,10.5,0.0,89.5,171653884.29399952,13587.214811816646,294669.2084422881,10203.21188268564,43.6110324920514,4.567433175870351,0.0,39.04359931618105
266,Jeff Davis,TX,4.9,0.0,95.1,2229793.0012739813,570.7555846512892,8413.694898114642,434.3572807902657,1.2068596214267262,0.05903084270419574,0.0,1.1478287787225305
267,Jefferson,TX,24.3,0.0,75.7,720798726.4562733,71339.83304709032,1587917.1511876709,52301.899702725685,240.23531230921094,58.369091458926505,0.0,181.86622085028444
268,Jim Hogg,TX,0.0,0.0,100.0,16171828.598286476,1278.653825503592,27221.084938625416,976.071656788172,3.963426978060764,0.0,0.0,3.963426978060764
269,Jim Wells,TX,0.0,0.0,100.0,127918415.29031199,15550.56730553571,331053.87957445724,11870.66196821609,48.201894640945426,0.0,0.0,48.201894640945426
270,Johnson,TX,22.5,24.5,53.0,1055004203.1649307,86325.15109867364,1658780.6406031803,66611.05228152098,248.39242050415902,55.77176234869434,60.967249534974854,131.65340862048978
271,Jones,TX,0.0,0.0,100.0,49394766.48638636,6004.738335088751,127834.04088507508,4583.7698184489,18.612810886604333,0.0,0.0,18.612810886604333
272,Karnes,TX,0.0,0.0,100.0,112104699.84857321,8863.7538859965,188699.2278839311,6766.224336370786,27.474864759295624,0.0,0.0,27.474864759295624
273,Kaufman,TX,8.0,0.9,91.1,334377820.00489306,76898.35302722304,1159531.519446035,58448.004749589796,167.36027124410305,13.388683730861702,1.5296988980388089,152.44188861520254
274,Kendall,TX,24.6,16.5,58.9,288371191.6166128,29701.82050651141,650155.5612247209,22652.74638351702,98.32999473170173,24.19588861398469,16.242702501158572,57.89140361655846
275,Kenedy,TX,0.0,0.0,100.0,1251993.000207772,152.20014139470587,3240.167753641325,116.18331665899808,0.4717728304106961,0.0,0.0,0.4717728304106961
276,Kent,TX,0.0,0.0,100.0,3355088.8801970514,407.86570076464784,8682.996696978527,311.3478676619683,1.2642561221131803,0.0,0.0,1.2642561221131803
277,Kerr,TX,25.0,11.0,64.1,156072780.46764398,20344.778839826777,364151.44047319086,15416.269561450099,54.51646760045608,13.610672535026167,5.974775178144469,34.931019887285444
278,Kimble,TX,10.5,0.0,89.5,14139520.394696347,1570.872087399789,34069.233333359974,1179.5918662623992,5.042418506347388,0.5291995840084669,0.0,4.513218922338921
279,King,TX,0.0,0.0,100.0,862729.8566648223,260.5888203831054,3738.57479426308,198.92276851193142,0.531358961522585,0.0,0.0,0.531358961522585
280,Kinney,TX,0.0,0.0,100.0,6971809.52240902,847.5369746076444,18043.09825705578,646.9748208712147,2.6270996393528203,0.0,0.0,2.6270996393528203
281,Kleberg,TX,14.1,0.0,85.9,120496989.7016707,9077.439544404453,198168.03433079013,6776.006901106083,29.49593161528092,4.151274582779233,0.0,25.34465703250169
282,Knox,TX,0.0,0.0,100.0,13184460.52942497,1602.7859646070337,34121.487713094306,1223.500713008496,4.9681350448672195,0.0,0.0,4.9681350448672195
283,Lamar,TX,0.0,0.0,100.0,235724192.28607017,18637.945744551856,396780.6413210022,14227.439676363274,57.771800835547126,0.0,0.0,57.771800835547126
284,Lamb,TX,0.0,0.0,100.0,33809091.09696009,4110.04574972372,87498.19667952854,3137.4394915866364,12.739856383852876,0.0,0.0,12.739856383852876
285,Lampasas,TX,26.0,13.5,60.5,103378580.04601313,13539.143875203412,248333.60080803547,10279.504348801975,37.28747040008978,9.683240138039391,5.036694770214915,22.567535491835475
286,La Salle,TX,0.0,0.0,100.0,22025652.270713955,1739.044697250471,37022.28304334929,1327.5150653363744,5.39049472957057,0.0,0.0,5.39049472957057
287,Lavaca,TX,0.6,0.0,99.4,50421868.33562268,14926.176303588296,214806.57646425522,11390.083205459789,30.562808350555017,0.17453786088183249,0.0,30.388270489673182
288,Lee,TX,17.5,0.0,82.5,126799979.6507561,17236.400965953173,274175.6839253692,12998.31107634782,40.285143780126425,7.046755567425948,3.340383710430259e-16,33.23838821270047
289,Leon,TX,0.0,0.0,100.0,90228443.15478437,7134.069390048558,151876.2224514537,5445.854497642922,22.113383857444106,0.0,0.0,22.113383857444106
290,Liberty,TX,0.1,26.5,73.3,257105680.78679785,31187.26950657665,514471.8352976519,24439.77655257131,73.84819117813362,0.08923218495584924,19.599803007034602,54.15915598614316
291,Limestone,TX,0.0,0.0,100.0,111952837.10819098,8839.283962672653,188178.29243290532,6747.544980161009,27.399015561898533,0.0,0.0,27.399015561898533
292,Lipscomb,TX,0.0,0.0,100.0,7054114.821295052,2130.7057979207857,30568.47450972399,1626.4929804254334,4.344659126626968,0.0,0.0,4.344659126626968
293,Live Oak,TX,20.6,0.0,79.4,42138777.10407658,4300.689384204614,95039.48942767887,3174.420224758006,14.292639675443592,2.938742959480464,0.0,11.35389671596313
294,Llano,TX,22.7,0.0,77.3,55590742.94940013,12485.169736861826,205525.8341773426,9374.293184188156,30.504242886233264,6.919494365301478,0.0,23.58474852093179
295,Loving,TX,0.0,0.0,100.0,559617.3861045708,138.34723623724634,2437.8303995216206,105.60857794222072,0.351309937586426,0.0,0.0,0.351309937586426
296,Lubbock,TX,23.7,29.4,46.9,929450028.4167358,90927.70425156796,1827828.1016392384,70558.07945296948,274.8730190632192,65.05138460404714,80.83314742423786,128.9884870349342
297,Lynn,TX,0.0,0.0,100.0,19004908.803666916,2310.356252669961,49184.854916708435,1763.6306758743176,7.161381685834323,0.0,0.0,7.161381685834323
298,McCulloch,TX,0.0,0.0,100.0,37322079.245644234,2950.935343347116,62822.05484619904,2252.6223772942517,9.146976627208385,0.0,0.0,9.146976627208385
299,McLennan,TX,20.1,0.0,79.9,879065481.5683331,64903.286275878614,1433141.2755363267,47941.708763177354,215.3821132175169,43.39220095246268,0.0,171.98991226505422
300,McMullen,TX,0.0,0.0,100.0,11573135.069763193,915.0502094914453,13127.897730962779,698.5115839027719,1.8658517534267247,0.0,0.0,1.8658517534267247
301,Madison,TX,23.5,0.0,76.5,88980567.08828168,8867.067469129843,197052.60210485663,6510.595067211656,29.77267097936983,6.989132202589768,0.0,22.783538776780063
302,Marion,TX,0.0,0.0,100.0,113683472.4847721,8988.582230623819,191356.68714555766,6861.513337534132,27.861793740810754,0.0,0.0,27.861793740810754
303,Martin TX,TX,1.0,0.0,99.0,47006255.65061906,3711.8659348550295,53533.13094571909,2831.8253921551486,7.6223244613878,0.07345589675433686,0.0,7.548868564633463
304,Mason,TX,0.0,0.0,100.0,28920529.97244841,2283.4326547179544,48611.68299413331,1743.0784568955958,7.077927181544418,0.0,0.0,7.077927181544418
305,Matagorda,TX,12.5,0.0,87.5,131264357.30671212,10395.54093700126,226294.51701209514,7780.146236035322,33.59975160777841,4.206632972090639,0.0,29.39311863568777
306,Maverick,TX,4.3,0.0,95.7,155816075.25612503,12144.772790164297,260505.17174799767,9209.830432954102,38.18541693700567,1.6511470711928322,0.0,36.53426986581284
307,Medina,TX,0.0,0.9,99.1,108644287.42164369,20942.22599060177,301738.4145844588,15998.686888654822,42.89941739426992,0.0,0.37841850793296294,42.52099888633695
308,Menard,TX,0.0,0.0,100.0,13307913.26230835,1052.2133631919116,22400.424597851514,803.21631209605,3.261532321541412,0.0,0.0,3.261532321541412
309,Midland,TX,24.9,9.4,65.7,771452227.5377402,80447.75169138254,1701918.3293550254,60759.99329111773,257.0790348539763,63.965027174305426,24.16283701303678,168.95117066663408
310,Milam,TX,0.0,0.0,100.0,120648255.04213664,9525.83402987423,202794.16479010356,7271.62902067989,29.527106093831435,0.0,0.0,29.527106093831435
311,Mills,TX,0.0,0.0,100.0,25237818.08753897,3068.0678266006103,65315.671938000225,2342.036535380034,9.510050637411275,0.0,0.0,9.510050637411275
312,Mitchell,TX,0.0,0.0,100.0,32155704.70535293,2538.8672908274702,54049.59553940884,1938.0666015432066,7.8696945417027955,0.0,0.0,7.8696945417027955
313,Montague,TX,0.0,0.0,100.0,71316691.48120219,13990.748797408118,200720.27680560658,10679.960812369885,28.5281220660303,0.0,0.0,28.5281220660303
314,Montgomery,TX,49.5,50.5,0.0,1763889165.6707323,97644.1427042386,3371216.672186305,77258.51296154973,539.1956687641291,267.13649824571513,272.059170518414,0.0
315,Moore,TX,12.9,0.0,87.1,57883920.14591676,11621.728082197109,179584.1805686619,8795.44359118853,26.153423675461905,3.3676683439091866,0.0,22.78575533155272
316,Morris,TX,0.0,0.0,100.0,222701172.68885052,17583.4656824811,374331.9721411989,13422.493005536042,54.50324424072861,0.0,0.0,54.50324424072861
317,Motley,TX,0.0,0.0,100.0,6912141.129105604,545.751039348722,11618.418047580646,416.6038509967036,1.6916575212063518,0.0,0.0,1.6916575212063518
318,Nacogdoches,TX,11.3,0.0,88.7,242290719.74999392,19207.440068375563,417190.17745740525,14403.920829296689,61.82536995384227,6.991512428991154,0.0,54.83385752485111
319,Navarro,TX,10.4,0.0,89.6,203180385.4294705,16103.43196051611,349185.38727668737,12094.416769757545,51.672547881544375,5.368013632757444,0.0,46.30453424878693
320,Newton,TX,0.0,0.0,100.0,59162443.7573165,4677.781931010403,99584.65400775643,3570.8259922864117,14.499661017675278,0.0,0.0,14.499661017675278
321,Nolan,TX,11.9,0.0,88.1,62226670.482468694,4933.654858513789,107271.21032196378,3696.353935374788,15.91123709836765,1.889556105995963,0.0,14.021680992371687
322,Nueces,TX,34.4,22.9,42.7,1005964695.7239393,104479.64535911326,2206541.7027437678,79638.51269317648,338.15395083019075,116.28396435463135,77.53593994862143,144.33404652693798
323,Ochiltree,TX,0.0,0.0,100.0,53705317.08417473,4240.3260802047025,90271.7171574071,3236.8901525347446,13.143684743365224,0.0,0.0,13.143684743365224
324,Oldham,TX,0.0,0.0,100.0,5021294.566663979,985.066306439112,14132.39495565909,751.9590039006141,2.0086196038341044,0.0,0.0,2.0086196038341044
325,Orange TX,TX,35.9,26.2,37.9,758151833.104064,62695.8530759525,1578519.7905708947,47944.87051539099,244.4278641408101,87.82474847828234,63.976386778514026,92.62672888401376
326,Palo Pinto,TX,0.0,0.0,100.0,141689709.19035795,11187.170292637773,238162.13853671655,8539.825024611495,34.676730500708665,0.0,0.0,34.676730500708665
327,Panola,TX,0.0,0.0,100.0,54892603.54549867,16580.391119914093,237872.95026248868,12656.787847568257,33.80858597890363,0.0,0.0,33.80858597890363
328,Parker,TX,17.6,15.8,66.6,536578732.40964365,68933.80049099149,1204079.7230259066,52820.384669023486,178.01208441157394,31.36592700652368,28.038332975457074,118.6078244295932
329,Parmer,TX,0.0,0.0,100.0,18640493.972374424,5630.388588270825,80777.17540628853,4298.006648667429,11.480759056198043,0.0,0.0,11.480759056198043
330,Pecos,TX,2.7,0.0,97.3,14076258.956259511,1101.5595998360147,23561.83802712388,837.4290511429105,3.445114786432058,0.09356781189656176,0.0,3.351546974535496
331,Polk TX,TX,0.0,8.4,91.6,312867030.99916464,25223.75363378624,377334.50793827977,19401.877980461508,53.79469876349573,0.0,4.54251943774105,49.25217932575469
332,Potter,TX,13.4,0.0,86.6,322683012.4288561,34975.440404240566,762648.1334698416,26135.89044111981,113.4009269350595,15.239895637240332,0.0,98.16103129781916
333,Presidio,TX,2.9,0.0,97.1,8308205.850898401,656.4215893860741,14044.667266889168,498.8972021694127,2.0540890145015727,0.059234664431784614,0.0,1.9948543500697882
334,Rains,TX,0.0,0.0,100.0,274505996.8969545,21673.737426564163,461409.1836201036,16544.837700259748,67.18180708819274,0.0,0.0,67.18180708819274
335,Randall,TX,13.0,0.0,87.0,358794032.981403,66764.0816022046,1032282.0730540709,50524.11282395584,150.36246302976048,19.50719987186576,0.0,130.85526315789474
336,Reagan,TX,9.4,0.0,90.6,26792423.098423287,2120.313666031084,32087.337541616987,1608.6826310876952,4.642215083625385,0.4370823559241418,0.0,4.205132727701243
337,Real,TX,0.0,0.0,100.0,27544313.102925505,2177.8392293995234,46363.71827601742,1662.4727007487181,6.750620356266849,0.0,0.0,6.750620356266849
338,Red River,TX,0.0,0.0,100.0,57123332.73521144,4516.556110586951,96152.3387530895,3447.7527981492954,13.999911246428152,0.0,0.0,13.999911246428152
339,Reeves,TX,4.2,0.0,95.8,23560798.254517857,1834.8775563250013,39348.48330882702,1391.7549191291562,5.766541846985723,0.24135510885547598,0.0,5.525186738130246
340,Refugio,TX,0.0,0.0,100.0,44029302.58396457,3476.352207298649,74007.58264065915,2653.7039681015103,10.775604716241544,0.0,0.0,10.775604716241544
341,Roberts,TX,0.0,0.0,100.0,3511506.4205926466,688.8794534542203,9883.107553854845,525.8621753179996,1.4046737326012004,0.0,0.0,1.4046737326012004
342,Robertson,TX,0.0,0.0,100.0,62316183.68017128,7575.547136030516,161274.78283429728,5782.860475199344,23.48182679800814,0.0,0.0,23.48182679800814
343,Rockwall,TX,85.0,0.0,15.0,4016167102.238735,209653.97761264522,4511510.571806417,132640.33738467834,750.4880506313172,637.7105938474133,0.0,112.77745678390376
344,Runnels,TX,10.5,0.0,89.5,48120736.86063495,3814.0052429004377,82720.36719333552,2863.937779807698,12.243266869341403,1.286418509056135,0.0,10.956848360285267
345,Rusk,TX,0.1,0.0,99.9,150481960.10506186,18271.524188146013,389073.20898631745,13944.821804774101,56.66176417680436,0.07868814114739071,0.0,56.583076035656966
346,Sabine,TX,0.0,0.0,100.0,70720960.94751623,8597.284845031441,183026.40875882702,6562.812837054072,26.648893953885917,0.0,0.0,26.648893953885917
347,San Augustine,TX,1.6,0.0,98.4,72762596.17794548,5714.773241472366,122001.75359978295,4351.802301675096,17.808113301058885,0.2875161921919433,0.0,17.520597108866937
348,San Jacinto,TX,0.0,0.0,100.0,205632058.71657622,16258.658077481849,346128.3318371943,12411.189421740803,50.396754988642805,0.0,0.0,50.396754988642805
349,San Patricio,TX,12.5,16.3,71.2,274675033.99663424,39356.97504221639,665133.2985315473,30281.874076178417,97.38683713773577,12.186129373236176,15.865047422240359,69.33566034225922
350,San Saba,TX,0.0,0.0,100.0,18454896.82435521,2243.4932885403555,47761.418377746086,1712.5902737345382,6.954127422163539,0.0,0.0,6.954127422163539
351,Schleicher,TX,0.0,0.0,100.0,13336983.74064381,1054.5118759680458,22449.357942363593,804.9708918611659,3.268657058056049,0.0,0.0,3.268657058056049
352,Scurry,TX,0.0,13.1,86.9,124749696.7233755,10176.27626888024,155934.60225038766,7862.733090064102,22.26863284753116,0.0,2.920691947817866,19.34794089971329
353,Shackelford,TX,0.0,0.0,100.0,31912376.433632366,2523.2077271225853,36199.56118763713,1926.112835589739,5.144998392188003,0.0,0.0,5.144998392188003
354,Shelby,TX,0.0,0.0,100.0,143689281.9479551,11361.0445421785,241863.70246724723,8672.55308371345,35.21568459858996,0.0,0.0,35.21568459858996
355,Sherman,TX,0.0,0.0,100.0,19964497.554263923,1578.527899808783,22646.575698646313,1204.983126316987,3.218729517298911,0.0,0.0,3.218729517298911
356,Smith,TX,28.7,0.0,71.3,1175380236.018293,93237.28704851246,1601022.1454353663,69613.79439451128,240.44933550671007,69.01793469885638,0.0,171.4314008078537
357,Somervell,TX,0.0,0.0,100.0,164903718.1639253,32350.441642577887,464120.23296847095,24694.99364485179,65.96482948359728,0.0,0.0,65.96482948359728
358,Starr,TX,0.0,0.0,100.0,167911311.42702743,15166.26920507955,313500.0682647429,11577.304711738838,45.578774651952,0.0,0.0,45.578774651952
359,Stephens,TX,0.0,0.0,100.0,46808058.04270904,3700.9608361147702,78789.24501432446,2825.16094785546,11.471821161367163,0.0,0.0,11.471821161367163
360,Sterling,TX,0.0,0.0,100.0,6737969.529514831,1321.8397077917507,18963.96343715043,1009.0379890216157,2.695324386459054,0.0,0.0,2.695324386459054
361,Stonewall,TX,0.0,0.0,100.0,9115117.105181308,720.7026529144517,15342.939585054452,550.1546960481844,2.23395280870183,0.0,0.0,2.23395280870183
362,Sutton,TX,0.0,0.0,100.0,6384291.497641556,1928.3845945391988,27665.845441927573,1472.0493340101211,3.9321120882355762,0.0,0.0,3.9321120882355762
363,Swisher,TX,0.0,0.0,100.0,31508678.786598798,2491.2887472912143,53036.702431812744,1901.7471036073332,7.722215918729126,0.0,0.0,7.722215918729126
364,Tarrant,TX,86.9,13.1,0.0,11119056180.581928,290095.14733536507,11626617.863660362,190873.08246333982,1984.195340941723,1724.722790895869,259.4725500458541,0.0
365,Taylor,TX,15.7,0.0,84.3,408334458.3377023,43417.59768969976,950674.6203383314,32321.51303257488,141.8619586872182,22.245672556009925,0.0,119.61628613120827
366,Terrell,TX,0.0,0.0,100.0,2076447.2910816083,164.177931032143,3495.1613340989456,125.3266673056192,0.5089002411338976,0.0,0.0,0.5089002411338976
367,Terry,TX,0.0,0.0,100.0,51276494.39324783,4054.26562065796,86310.70081308315,3094.8592489753496,12.566955320367358,0.0,0.0,12.566955320367358
368,Throckmorton,TX,0.0,0.0,100.0,9157155.42785507,724.0264883535403,15413.700260368723,552.691978100974,2.2442556698138847,0.0,0.0,2.2442556698138847
369,Titus,TX,25.6,0.0,74.4,286519088.5941279,22795.918030606765,508654.4400498456,16673.52790515547,77.11043383392358,19.70742093416147,0.0,57.403012899762096
370,Tom Green,TX,7.2,0.0,92.8,212287368.62438992,35659.768773669944,532671.4065698974,27096.403258404225,76.73991689728851,5.52222695292686,0.0,71.21768994436165
371,Travis,TX,82.4,17.6,0.0,1749864684.1755521,148486.09980589818,5922797.166638726,100659.57249126946,1002.9761604197931,825.958965948362,177.01719447143108,0.0
372,Trinity TX,TX,0.0,0.0,100.0,60819483.050945185,7393.598833923482,157401.29871627773,5643.968639346719,22.917844084843306,0.0,0.0,22.917844084843306
373,Tyler,TX,0.0,0.0,100.0,63341041.275239296,7700.13520807441,163927.11311291173,5877.96584319541,23.86801095942568,0.0,0.0,23.86801095942568
374,Upshur,TX,0.0,0.0,100.0,304523456.015727,24042.081998535028,511847.6886406483,18352.1390194992,74.52821543999711,0.01612943560906909,0.0,74.51208600438805
375,Upton,TX,0.0,0.0,100.0,23839555.990216903,1884.9161057064882,27042.21863107457,1438.8672900870365,3.843476803799815,0.0,0.0,3.843476803799815
376,Uvalde,TX,7.1,0.0,92.9,48956761.89764335,5598.532925759015,120681.90001456237,4227.077469190295,17.76672616186388,1.2619212266406177,0.0,16.504804935223262
377,Val Verde,TX,3.1,0.0,96.9,60801450.7671516,4804.1508355195165,102836.07243819063,3649.800454726131,15.046347118212895,0.47351716352651246,0.0,14.572829954686382
378,Van Zandt,TX,13.1,0.0,86.9,423014404.9601392,33490.08541855328,518367.48492980294,25340.528106703758,75.53079494918444,9.930839100500027,0.0,65.59995584868443
379,Victoria,TX,21.4,0.0,78.6,556378596.2139925,42565.94134964513,694499.9733603281,31996.702688793088,102.81326270230564,21.9651904509813,0.0,80.84807225132433
380,Walker,TX,16.3,0.0,83.7,203101677.06195986,21488.466899354607,471065.41192013456,15979.513854794057,70.36365910919713,11.476150166609495,0.0,58.88750894258764
381,Waller,TX,36.8,4.7,58.5,490795826.305436,36812.22375007304,694172.5415343865,27381.903648014337,106.13715521103171,39.02513682488363,5.0297734842140125,62.08224490193406
382,Ward,TX,14.9,2.1,82.9,101920711.810168,8086.021471944778,128052.02249396243,6122.289511035158,18.737389546698072,2.798448663358872,0.4012806096682392,15.537660273670959
383,Washington TX,TX,35.3,15.6,49.0,226381414.8097371,19400.482818227872,456960.3380389896,14607.604552664601,70.49212324117397,24.908752984498815,11.02675501776625,34.55661523890891
384,Webb,TX,3.2,0.0,96.8,247713991.03133678,19572.893949751928,418983.7294978822,14869.482659731631,61.3048047855083,1.9399889096535397,0.0,59.36481587585476
385,Wharton,TX,10.6,0.0,89.4,174667189.6146941,13826.034617686322,299896.2104681674,10381.065626294709,44.390738019610545,4.687932698061962,0.0,39.70280532154859
386,Wheeler,TX,9.8,0.0,90.2,21302270.47324124,2380.558050480961,51565.2528148554,1789.6087643503777,7.623646425513628,0.7475160274809928,0.0,6.876130398032635
387,Wichita,TX,30.6,0.0,69.4,547582433.8617597,51397.52985141197,1158471.0788561525,37231.3997349373,177.06793505963913,54.23687429911306,0.0,122.83106076052607
388,Wilbarger,TX,11.4,0.0,88.6,52331357.66405313,3978.9753142626414,86430.99787401478,2983.6789638706114,12.809472994631475,1.4540039388408437,0.0,11.35546905579063
389,Willacy,TX,0.0,0.0,100.0,151775244.9394975,8903.659783863966,184046.43775167048,6796.687009147344,26.757925608835095,0.0,0.0,26.757925608835095
390,Williamson,TX,33.0,17.7,49.3,1477844796.9825706,120309.56994660659,2816643.7271472933,91108.8792572317,432.83439819083014,142.87607204845196,76.71228280707464,213.24604333530357
391,Wilson,TX,13.7,0.0,86.3,125517829.92610727,31772.132536551308,493479.11308855045,24030.543576038304,71.98161553650279,9.867552781831776,0.0,62.114062754671004
392,Winkler,TX,0.3,0.0,99.7,81588998.84319118,6448.381867348625,92665.2572859339,4921.52510869604,13.177871691711044,0.0399950600815354,0.0,13.137876631629508
393,Wise,TX,0.0,0.0,100.0,622714009.6105579,49235.97059779616,706370.8865993972,37584.710455959714,100.3956117829951,0.0,0.0,100.3956117829951
394,Wood,TX,0.0,0.0,100.0,217718145.66498354,26467.187098014052,563456.3119736406,20203.960113695186,82.04000409153888,0.0,0.0,82.04000409153888
395,Yoakum,TX,0.0,0.0,100.0,86658717.93204518,6851.822915364106,98300.65598943613,5230.39922071556,13.97134954258304,0.0,0.0,13.97134954258304
396,Young,TX,0.0,0.0,100.0,101387733.6331069,8016.398168115232,170659.99028943604,6119.387993893718,24.84832711478149,0.0,0.0,24.84832711478149
397,Zapata,TX,0.0,0.0,100.0,50695541.519933656,4008.3315304703865,82855.72288794606,3059.79505454662,12.046129253254167,0.0,0.0,12.046129253254167
398,Zavala,TX,0.0,0.0,100.0,38337400.9369465,2249.004320929609,46488.888597709585,1716.7972092005125,6.758871162920474,0.0,0.0,6.758871162920474
