,County,annual_ghg_emissions,annual_operating_cost,total_annual_cost,annual_fuel_use,total_vehicle_count,vehicle_split_BEV,vehicle_split_FFV,vehicle_split_SIDI,vehicle_pc_BEV,vehicle_pc_FFV,vehicle_pc_SIDI,State
0,Alameda,2374394680000.0,385433330.0,7440924100.0,174591296.0,1217269.02,1015240.9,202028.12,0.0,83.4,16.6,0.0,CA
1,Alpine,3585886300.0000005,1133274.62,12695918.3,420333.981,1820.99999,396.96189,1.1247949e-13,1424.0381,21.8,0.0,78.2,CA
2,Amador,71470663000.0,15703854.5,198967876.0,5947661.7,29750.0,12759.691,0.0,16990.309,42.9,0.0,57.1,CA
3,Butte,440942292000.0,74447574.2,878529118.0,28566036.8,127992.9994,37501.096,8523.5134,81968.39,29.3,6.7,64.0,CA
4,Calaveras,98361826000.0,36755748.0,392792573.0,13531418.26,55341.0004,6895.8224,0.0,48445.178,12.5,0.0,87.5,CA
5,Colusa,40946292100.0,8158018.58,90405019.0,3020548.41,12915.0002,2546.2562,0.0,10368.744,19.7,0.0,80.3,CA
6,Contra Costa,3979453350000.0,257397306.0,5486870900.0,112496576.0,917891.0040000001,866589.4,51301.604,0.0,94.4,5.6,0.0,CA
7,Del Norte,32071621000.0,12204149.47,141427750.0,4509203.3,20284.9998,3952.5448,1.334172e-13,16332.455,19.5,0.0,80.5,CA
8,El Dorado,450165625000.0,67938627.3,903630204.0,27008233.8,137800.0001,73767.103,9187.9281,54844.969,53.5,6.7,39.8,CA
9,Fresno,1519300730000.0,409095979.0,4754541910.0,155157403.3,689722.998,188229.57,29860.008,471633.42,27.3,4.3,68.4,CA
10,Glenn,68004323430.0,10988534.717,120176903.47,4038248.72,16885.000454,1482.2344,97.637054,15305.129,8.8,0.6,90.6,CA
11,Humboldt,405353977000.0,68067613.4,801175150.0,25198550.5,115509.0,25547.061,0.0,89961.939,22.1,0.0,77.9,CA
12,Imperial,647336300200.0,107522160.9,1154834051.0,39650063.18,160949.0041,6870.5526,4262.8615,149815.59,4.3,2.6,93.1,CA
13,Inyo,74904044400.0,14666980.28,150223871.9,5364760.768999999,20805.9999,698.8439,0.0,20107.156,3.4,0.0,96.6,CA
14,Kern,1354622873000.0,379779722.5,4289674326.0,142059403.1,616616.006,140402.9,12043.326,464169.78,22.8,2.0,75.3,CA
15,Kings,230082106000.0,54791734.5,649993760.0,20515574.5,95132.0,30588.038,0.0,64543.962,32.2,0.0,67.8,CA
16,Lake CA,220144147000.0,39976215.4,473236635.0,14809827.8,68357.0,15769.465,1.334172e-13,52587.535,23.1,0.0,76.9,CA
17,Lassen,25027358900.0,10962502.540000001,112205048.4,4009361.107,15535.999960000001,498.26696,1.1247949e-13,15037.733,3.2,0.0,96.8,CA
18,Los Angeles,18707805950000.0,2971282800.0,47173462100.0,1385941077.0,7391981.999999999,4654633.6,2498008.6,239339.8,63.0,33.8,3.2,CA
19,Madera,272133644900.0,65632269.84,774142188.0,24681285.66,113015.9994,34763.276,1554.3994,76698.324,30.8,1.4,67.9,CA
20,Marin,834014510000.0,77669118.0,1352168610.0,31214664.0,218822.0,175635.25,0.0,43186.75,80.3,0.0,19.7,CA
21,Mariposa,43932691000.0,11913482.1,136152784.0,4433092.46,19670.0001,5019.8291,0.0,14650.171,25.5,0.0,74.5,CA
22,Mendocino,268898122000.0,53307543.1,615673980.0,19870578.0,89279.0,24493.89,0.0,64785.11,27.4,0.0,72.6,CA
23,Merced,439022760000.0,111566569.0,1340841950.0,41866240.2,197104.00199999998,67742.862,0.0,129361.14,34.4,0.0,65.6,CA
24,Modoc,14557953460.0,3410706.601,36576111.7,1248550.126,5104.00004,270.03154,0.0,4833.9685,5.3,0.0,94.7,CA
25,Mono,50399314200.0,8039918.26,84805741.0,2953902.97,11886.9997,1157.6137,0.0,10729.386,9.7,0.0,90.3,CA
26,Monterey,1026466920000.0,173922570.0,2198993960.0,65846656.0,328583.0,139864.52,0.0,188718.48,42.6,0.0,57.4,CA
27,Napa,319657506000.0,55174711.0,798259940.0,23064867.099999998,124367.0,78977.796,15698.897,29690.307,63.5,12.6,23.9,CA
28,Nevada,287775110000.0,37146207.1,481379940.0,14126072.1,72476.0,33564.974,0.0,38911.026,46.3,0.0,53.7,CA
29,Orange CA,10936552050000.0,733019476.0,15263512190.0,318846283.0,2555482.0500000003,2444689.1,110792.95,0.0,95.7,4.3,0.0,CA
30,Placer,786860671000.0,135169010.0,1890080470.0,54624356.6,292264.004,175968.46,22057.043,94238.501,60.2,7.5,32.2,CA
31,Plumas,25952409400.0,10058090.19,106466700.2,3697381.55,14943.9996,1565.7496,0.0,13378.25,10.5,0.0,89.5,CA
32,Riverside,6153128450000.0,954226650.0,11915025900.0,385284636.0,1761050.0,630093.62,295610.62,835345.76,35.8,16.8,47.4,CA
33,Sacramento,3671778000000.0,323122510.0,5936667700.0,147055569.0,965955.0,789261.73,176693.27,0.0,81.7,18.3,0.0,CA
34,San Benito,184300738000.0,35360526.9,374435750.0,13054682.1,52934.0003,8238.9843,0.0,44695.016,15.6,0.0,84.4,CA
35,San Bernardino,2942873200000.0,1071702689.0,11381086210.0,399861604.0,1596698.016,157759.75,67939.166,1370999.1,9.9,4.3,85.9,CA
36,San Diego,7552458100000.0,1316714140.0,17209209200.0,557382140.0,2597947.96,1238046.2,570621.91,789279.85,47.7,22.0,30.4,CA
37,San Francisco,1550178673000.0,121634010.6,2695319007.0,52349552.0,454532.9973,446841.06,7691.9373,0.0,98.3,1.7,0.0,CA
38,San Joaquin,2013549900000.0,245616149.0,3616972800.0,104991958.0,559680.0,325027.57,110421.54,124230.89,58.1,19.7,22.2,CA
39,San Luis Obispo,676497680000.0,126563712.0,1606936230.0,49485145.8,239665.002,98335.106,18254.906,123074.99,41.0,7.6,51.4,CA
40,San Mateo,2975445680000.0,246202560.0,4451045600.0,113913497.0,716318.0,538497.56,177820.44,0.0,75.2,24.8,0.0,CA
41,Santa Barbara,1190245575000.0,201192025.1,2350035627.0,76654937.4,344179.993,115729.57,11845.293,216605.13,33.6,3.4,62.9,CA
42,Santa Clara,5333026900000.0,644297330.0,9547357000.0,276829763.0,1496123.0,990371.34,261392.61,244359.05,66.2,17.5,16.3,CA
43,Santa Cruz,1007889500000.0,101463090.0,1509790160.0,40034331.0,237902.001,165683.85,0.0,72218.151,69.6,0.0,30.4,CA
44,Shasta,216374150000.0,70814143.2,771274690.0,26147354.7,109466.0,17858.708,1.1247949e-13,91607.292,16.3,0.0,83.7,CA
45,Sierra,10621278900.0,1645043.8199999998,17856121.8,607089.145,2531.00004,395.66904,0.0,2135.331,15.6,0.0,84.4,CA
46,Siskiyou,42488910400.0,20046747.27,215296606.6,7339722.0,30059.9996,1676.8786,0.0,28383.121,5.6,0.0,94.4,CA
47,Solano,1113517920000.0,115069923.0,1878152170.0,53302770.0,300122.0,224124.65,75997.35,0.0,74.7,25.3,0.0,CA
48,Sonoma,1516691187800.0,160194290.64,2700507446.5,65168983.42,438162.00148,364712.66,958.23748,72491.104,83.2,0.2,16.5,CA
49,Stanislaus,1166158740000.0,214561108.0,2788254710.0,86579395.0,417684.993,178367.44,58892.683,180424.87,42.7,14.1,43.2,CA
50,Sutter,219979214018.0,36912848.521,403988273.99,13642182.2357,57442.000342,9916.0936,24.935742,47500.971,17.3,0.0,82.7,CA
51,Tehama,97800137400.0,22844461.31,248410978.0,8376160.6,34842.9996,2779.1266,0.0,32063.873,8.0,0.0,92.0,CA
52,Trinity CA,32347717750.0,5410520.82,58608243.0,1982932.4819999998,8208.99997,594.29717,0.0,7614.7028,7.2,0.0,92.8,CA
53,Tulare,571190780000.0,200887948.3,2293530377.0,74621753.4,326744.9974,51260.406,8046.0414,267438.55,15.7,2.5,81.8,CA
54,Tuolumne,135212229000.0,37443835.9,425489934.0,13920111.7,61345.0,15009.879,1.1247949e-13,46335.121,24.5,0.0,75.5,CA
55,Ventura,2819806332000.0,363739680.0,4704725640.0,143843605.0,711435.9909999999,351388.56,49535.021,310512.41,49.4,7.0,43.6,CA
56,Yolo,439539143000.0,48829763.5,778415542.0,21747306.8,122622.00000000001,81290.399,28591.722,12739.879,66.3,23.3,10.4,CA
57,Yuba,69873170000.0,25723484.3,290743454.0,9475313.77,41347.0,6249.959,0.0,35097.041,15.1,0.0,84.9,CA
58,Aitkin,103216630000.0,11259298.0,159219300.0,6433884.6,22605.0,0.0,0.0,22605.0,0.0,0.0,100.0,MN
59,Anoka,2033360650000.0,166354836.0,2993536400.0,95346212.0,461591.0,280343.18,181247.82,0.0,60.7,39.3,0.0,MN
60,Becker,217761581000.0,23973490.0,320803307.0,14289264.2,45348.9999,0.0,6901.7649,38447.235,0.0,15.2,84.8,MN
61,Beltrami,205040683000.0,30583339.17,434979743.0,17350276.53,62005.0002,2100.3242,0.0,59904.676,3.4,0.0,96.6,MN
62,Benton,230826942200.0,27450885.89,376798003.0,16597370.73,53646.9994,2594.7344,12301.516,38750.749,4.8,22.9,72.2,MN
63,Big Stone,32581373000.0,3796538.7,51912175.0,2358743.84,7351.0,0.0,2213.8551,5137.1449,0.0,30.1,69.9,MN
64,Blue Earth,389573472000.0,42049244.1,615726373.0,26113596.7,89311.0,15745.483,34374.148,39191.369,17.6,38.5,43.9,MN
65,Brown MN,159582635000.0,17406490.6,251025589.0,9700532.6,36126.0003,4103.8863,0.0,32022.114,11.4,0.0,88.6,MN
66,Carlton,214475307000.0,23063670.5,338386516.0,13782245.8,49370.0,11301.223,14218.29,23850.487,22.9,28.8,48.3,MN
67,Carver,504399351000.0,55934288.1,869635350.0,39400133.1,127020.996,25572.236,101448.76,0.0,20.1,79.9,0.0,MN
68,Cass MN,183348477000.0,19359640.9,277854213.0,10856521.59,39855.999899999995,3438.2959,0.0,36417.704,8.6,0.0,91.4,MN
69,Chippewa,69492664200.0,8219518.64,120169090.0,5238938.25,17358.000099999997,2406.3483,7865.5427,7086.1091,13.9,45.3,40.8,MN
70,Chisago,262738283000.0,29027294.6,499582700.0,18584589.0,75183.0,31120.715,44062.285,0.0,41.4,58.6,0.0,MN
71,Clay MN,317343997000.0,41438193.1,576536153.0,25406671.15,82315.0001,5330.0511,23585.841,53399.108,6.5,28.7,64.9,MN
72,Clearwater,50092702000.0,6563917.5,85966827.0,3750810.0,12131.0,0.0,0.0,12131.0,0.0,0.0,100.0,MN
73,Cook,30857835500.0,3681041.47,50239083.5,2047613.78,7222.0,1029.9158,0.0,6192.0842,14.3,0.0,85.7,MN
74,Cottonwood,60027191000.0,7994397.300000001,114724579.0,5434810.4,16306.0,0.0,10135.02,6170.98,0.0,62.2,37.8,MN
75,Crow Wing,410716762000.0,43339125.4,604771814.0,24952972.0,87200.001,13474.028,10739.546,62986.427,15.5,12.3,72.2,MN
76,Dakota,2539726690000.0,188351874.0,3531321100.0,95806992.0,556057.0,428405.56,127651.44,0.0,77.0,23.0,0.0,MN
77,Dodge,115786285300.0,13841778.129999999,195607166.0,8326613.64,28024.9999,2412.9165,6609.1264,19002.957,8.6,23.6,67.8,MN
78,Douglas,176613338000.0,24672911.9,348148253.0,14520551.6,50240.0003,7751.9022,9847.8131,32640.285,15.4,19.6,65.0,MN
79,Faribault,103001281600.0,10883569.3,143782479.9,6326540.069999999,20304.0,0.0,1255.591,19048.409,0.0,6.2,93.8,MN
80,Fillmore,100568096700.0,14346283.0,201052802.0,8089166.220000001,29111.9999,5551.8853,2248.9556,21311.159,19.1,7.7,73.2,MN
81,Freeborn,162747519000.0,17987474.049999997,292864176.1,11810302.27,43607.000439999996,15235.714,27575.049,796.23744,34.9,63.2,1.8,MN
82,Goodhue,270976570000.0,26846931.5,428965960.0,15664073.3,64433.998999999996,28347.153,21751.693,14335.153,44.0,33.8,22.2,MN
83,Grant,37216109000.0,4335997.5,59291634.0,2694174.59,8396.0,0.0,2531.6021,5864.3979,0.0,30.2,69.8,MN
84,Hennepin,6221629520000.0,513568383.0,10017974260.0,227916962.0,1607855.97,1472523.8,135332.17,0.0,91.6,8.4,0.0,MN
85,Houston MN,89303568800.0,12911480.2,185163629.0,7247830.59,26545.9998,2171.0658,0.0,24374.934,8.2,0.0,91.8,MN
86,Hubbard,144398024490.0,15249781.478,201596440.6,8809427.166,28500.99974,296.51174,1302.186,26902.302,1.0,4.6,94.4,MN
87,Isanti,235166544000.0,22102602.200000003,353794725.0,13764377.399999999,52761.001,19714.564,25766.958,7279.479,37.4,48.8,13.8,MN
88,Itasca,190753766000.0,33806834.6,445286836.0,19536316.71,62865.0,0.0,2551.057,60313.943,0.0,4.1,95.9,MN
89,Jackson MN,51676333000.0,7094753.8,100845299.0,4739442.5,14323.0,0.0,8014.8137,6308.1863,0.0,56.0,44.0,MN
90,Kanabec,97102992500.0,11551792.680000002,158933831.4,6963939.89,22657.000200000002,1326.0785,5085.2777,16245.644,5.9,22.4,71.7,MN
91,Kandiyohi,235423271000.0,27301722.1,403380490.0,16430465.600000001,58932.0,13946.244,18544.172,26441.584,23.7,31.5,44.9,MN
92,Kittson,27069569500.0,3367816.93,44937998.6,1996238.2799999998,6351.00004,0.0,839.39524,5511.6048,0.0,13.2,86.8,MN
93,Koochiching,87786801000.0,9250007.7,130805640.0,5285718.7,18571.0,0.0,0.0,18571.0,0.0,0.0,100.0,MN
94,Lac qui Parle,34848549770.0,5120276.306,71277855.9,3246876.9239999996,10127.999950000001,194.63085,3877.6837,6055.6854,1.9,38.3,59.8,MN
95,Lake MN,46449258100.0,8004394.81,106716054.9,4569011.859,15160.000049999999,747.17774,416.13731,13996.685,4.9,2.7,92.3,MN
96,Lake of the Woods,23305845000.0,3053890.9,39996436.0,1745080.5,5644.0,0.0,0.0,5644.0,0.0,0.0,100.0,MN
97,Le Sueur,142842975000.0,17362337.299999997,264758822.0,11338910.0,38650.9997,8074.7562,21699.133,8877.1105,20.9,56.1,23.0,MN
98,Lincoln,26918784900.0,4350572.43,58193481.7,2591052.8,8226.0,0.0,1228.1479,6997.8521,0.0,14.9,85.1,MN
99,Lyon,135669550000.0,17106092.799999997,249386763.0,10717346.1,36075.9998,5564.0058,14550.185,15961.809,15.4,40.3,44.2,MN
100,McLeod,185870052000.0,21763873.9,346519830.0,14527275.23,51134.9999,14361.98,33559.097,3213.9229,28.1,65.6,6.3,MN
101,Mahnomen,24597208000.0,3761566.9,53192840.0,2149466.8,7552.0,0.0,0.0,7552.0,0.0,0.0,100.0,MN
102,Marshall,54267312580.0,7117857.2,93314948.1,4075408.594,13169.000223000001,0.0,94.284223,13074.716,0.0,0.7,99.3,MN
103,Martin MN,134828675000.0,14369002.6,201616670.0,8377039.279999999,29076.0,4430.2018,4752.6572,19893.141,15.2,16.3,68.4,MN
104,Meeker,142206493500.0,16281123.56,227614359.0,10078021.530000001,32508.000099999997,2088.6291,10382.693,20036.678,6.4,31.9,61.6,MN
105,Mille Lacs,134299239000.0,17551630.5,253046369.0,11117125.98,36409.9992,4079.7232,15307.043,17023.233,11.2,42.0,46.8,MN
106,Morrison,227741226600.0,24204941.48,326794253.1,14488364.809999999,46317.99989,841.93139,8217.3665,37258.702,1.8,17.7,80.4,MN
107,Mower,234220135000.0,25423311.8,376931428.0,16339460.3,54639.9991,8859.7801,26808.145,18972.074,16.2,49.1,34.7,MN
108,Murray,55644116700.0,6330295.1,86008113.0,3885425.1,12173.0,0.0,3135.6907,9037.3093,0.0,25.8,74.2,MN
109,Nicollet,181507386000.0,21030671.4,310597553.0,12042587.2,45660.000400000004,13427.279,8807.0994,23425.622,29.4,19.3,51.3,MN
110,Nobles,131996687000.0,14224971.7,206272519.0,8824966.870000001,29825.9997,4587.8957,11053.903,14184.201,15.4,37.1,47.6,MN
111,Norman,31137355000.0,4761729.2,67336275.0,2720988.1,9560.0,0.0,0.0,9560.0,0.0,0.0,100.0,MN
112,Olmsted,920943840000.0,74191870.0,1315503660.0,44197714.0,201254.00300000003,109726.57,91527.433,0.0,54.5,45.5,0.0,MN
113,Otter Tail,252750677000.0,42067227.1,565369770.0,25285207.5,79949.0,0.0,14581.699,65367.301,0.0,18.2,81.8,MN
114,Pennington,57245462000.0,10516012.0,137726920.0,6009149.5,19435.0,0.0,0.0,19435.0,0.0,0.0,100.0,MN
115,Pine,174153443000.0,19965637.5,285229475.0,11380563.6,41507.0002,9268.1844,5544.9718,26693.844,22.3,13.4,64.3,MN
116,Pipestone,53681848000.0,6098425.2,91516952.0,3774549.59,13388.0,3194.1905,5413.9446,4779.8649,23.9,40.4,35.7,MN
117,Polk MN,201452737500.0,21832909.77,309795335.8,12422830.93,44088.00033,886.00533,0.0,43201.995,2.0,0.0,98.0,MN
118,Pope,51241589752.0,7881691.956799999,108286627.337,4940646.25652,15340.0000012,3.3757012,5110.9423,10225.682,0.0,33.3,66.7,MN
119,Ramsey,3644168600000.0,227788870.0,4381334400.0,91690257.0,709651.0,709651.0,0.0,0.0,100.0,0.0,0.0,MN
120,Red Lake,18483007900.0,2970948.68,40312766.9,1818955.11,5705.0,0.0,1418.3006,4286.6994,0.0,24.9,75.1,MN
121,Redwood,87452795000.0,10409496.8,154731846.0,6784123.84,22404.9997,3362.4766,11907.553,7134.9701,15.0,53.1,31.8,MN
122,Renville,83133503000.0,10104880.4,151224580.0,6587460.35,21946.000500000002,3648.8052,11824.829,6472.3663,16.6,53.9,29.5,MN
123,Rice,334322704000.0,41021618.9,614891100.0,26300269.9,89490.0,17159.604,44321.735,28008.661,19.2,49.5,31.3,MN
124,Rock,60390847000.0,6493769.08,93531362.0,3982393.36,13515.0,2056.6026,4481.3175,6977.0799,15.2,33.2,51.6,MN
125,Roseau,90039680000.0,11798386.0,154522020.0,6741934.9,21805.0,0.0,0.0,21805.0,0.0,0.0,100.0,MN
126,St. Louis,1382161726000.0,143706873.4,1951368402.0,81349821.6,279354.004,30089.433,10092.581,239171.99,10.8,3.6,85.6,MN
127,Scott,705926930000.0,66162356.0,1160403130.0,34623042.0,181274.99800000002,133263.13,48011.868,0.0,73.5,26.5,0.0,MN
128,Sherburne,527700740000.0,48562262.0,825998440.0,31930053.7,123473.0,44404.536,79068.464,0.0,36.0,64.0,0.0,MN
129,Sibley,71980471700.0,10802701.719999999,149427610.0,6723737.881999999,21243.00025,606.75015,6826.1401,13810.11,2.9,32.1,65.0,MN
130,Stearns,865285008000.0,101373873.6,1464638380.0,65740070.7,210174.99699999997,17943.924,102743.9,89487.173,8.5,48.9,42.6,MN
131,Steele,204332596000.0,22176244.8,343956690.0,13330288.3,51031.0,17675.679,18905.14,14450.181,34.6,37.0,28.3,MN
132,Stevens,48845868700.0,5939717.239999999,92593830.0,3971049.45,13570.0,3130.1987,8732.1645,1707.6368,23.1,64.3,12.6,MN
133,Swift,65992512000.0,7052276.3,96391186.0,4378166.5,13649.0,0.0,4073.4337,9575.5663,0.0,29.8,70.2,MN
134,Todd,138195096000.0,17674703.34,243205637.0,10525692.96,34732.9998,2617.0504,6640.0464,25475.903,7.5,19.1,73.3,MN
135,Traverse,23465278000.0,2472513.0,34964149.0,1412864.5,4964.0,0.0,0.0,4964.0,0.0,0.0,100.0,MN
136,Wabasha,117245545000.0,13476887.9,205781470.0,8402589.399999999,30241.9997,8148.6558,13371.354,8721.9899,26.9,44.2,28.8,MN
137,Wadena,86975014900.0,9487268.709999999,135263632.4,5365671.23,19313.99969,927.83869,0.0,18386.161,4.8,0.0,95.2,MN
138,Waseca,118811080000.0,12959585.5,187710128.0,8960031.0,26698.0003,0.0,18181.092,8516.9083,0.0,68.1,31.9,MN
139,Washington MN,1436703860000.0,123669837.0,2153497330.0,69847329.0,332246.0,209199.71,123046.29,0.0,63.0,37.0,0.0,MN
140,Watonwan,72045757000.0,7857749.5,110241750.0,5123874.3,15642.0,0.0,7411.732,8230.268,0.0,47.4,52.6,MN
141,Wilkin,36424942000.0,4863539.16,64918084.4,2884724.81,9175.0,0.0,1234.5591,7940.4409,0.0,13.5,86.5,MN
142,Winona,318693442000.0,34296221.6,496211848.0,21059518.0,71797.99900000001,11602.549,24451.844,35743.606,16.2,34.1,49.8,MN
143,Wright,678056380000.0,65793915.0,1147522260.0,40827250.0,173981.0,82390.307,91590.693,0.0,47.4,52.6,0.0,MN
144,Yellow Medicine,53904179100.0,7100187.862,102226657.2,4792604.146,14562.99998,281.56128,8778.7767,5502.662,1.9,60.3,37.8,MN
145,Anderson,203286679000.0,15512755.3,336311335.0,11652843.87,49759.000400000004,5115.5414,0.0,44643.459,10.3,0.0,89.7,TX
146,Andrews,35902182391.3,8874551.677070001,156387255.999,6774415.77133,22536.9998482,2.3058482,0.0,22534.694,0.0,0.0,100.0,TX
147,Angelina,335340066000.0,25294223.5,551816545.0,18893058.0,82086.0,11249.102,0.0,70836.898,13.7,0.0,86.3,TX
148,Aransas,97805340000.0,7766375.300000001,172317084.0,5710984.93,26000.9998,5889.6188,0.0,20111.381,22.7,0.0,77.3,TX
149,Archer,71935965200.0,5666626.355,82539083.5,4318313.938,11791.999969999999,325.46697,0.0,11466.533,2.8,0.0,97.2,TX
150,Armstrong,4395163900.0,1327565.7,19046111.0,1013408.9,2707.0,0.0,0.0,2707.0,0.0,0.0,100.0,TX
151,Atascosa,291744672500.0,23595841.0,355319474.0,18171949.2,50680.000400000004,0.0,4936.3014,45743.699,0.0,9.7,90.3,TX
152,Austin,233936258400.0,18239412.76,287146003.2,13828404.58,41920.0003,5723.7265,1066.4858,35129.788,13.7,2.5,83.8,TX
153,Bailey,26730722000.0,2110535.5,44930899.0,1611095.8,6542.0,0.0,0.0,6542.0,0.0,0.0,100.0,TX
154,Bandera,159948531200.0,12667533.642,197485546.86,9580887.993,28828.999506,4054.3417,81.441806,24693.216,14.1,0.3,85.7,TX
155,Bastrop,233596591000.0,38102272.4,659566499.0,29097992.5,97583.0,18032.306,12963.015,66587.679,18.5,13.3,68.2,TX
156,Baylor,17251356000.0,1364008.6,29038190.0,1041227.9,4228.0,0.0,0.0,4228.0,0.0,0.0,100.0,TX
157,Bee,96548492000.0,7623027.2,162285570.0,5819104.7,23629.0,0.0,0.0,23629.0,0.0,0.0,100.0,TX
158,Bell,981135340000.0,82521457.0,2016217480.0,64248680.2,311970.998,113136.02,117710.44,81124.538,36.3,37.7,26.0,TX
159,Bexar,6086401400000.0,271260400.0,9826597600.0,200992456.0,1615122.98,1061801.7,553321.28,0.0,65.7,34.3,0.0,TX
160,Blanco,35057406901.2,8326849.96394,133329788.0653,6274293.92948,19629.00037312,3633.2193,0.78707312,15994.994,18.5,0.0,81.5,TX
161,Borden,1732412200.0,523277.65,7507277.7,399448.59,1067.0,0.0,0.0,1067.0,0.0,0.0,100.0,TX
162,Bosque,95579423800.0,7550235.66,161324782.9,5745185.037,23566.00002,496.88802,0.0,23069.112,2.1,0.0,97.9,TX
163,Bowie,239968358000.0,27121659.2,586076902.0,20432779.54,86467.99990000001,7330.7329,0.0,79137.267,8.5,0.0,91.5,TX
164,Brazoria,1487035480000.0,119490650.7,2196713140.0,90465877.3,330606.996,90627.756,40134.2,199845.04,27.4,12.1,60.4,TX
165,Brazos,475063873000.0,41273988.9,1006265960.0,30736944.7,159123.0,79961.19,32025.001,47136.809,50.3,20.1,29.6,TX
166,Brewster,28621284000.0,3479383.3,74072111.0,2656017.8,10785.0,0.0,0.0,10785.0,0.0,0.0,100.0,TX
167,Briscoe,7960594900.0,629418.34,13399600.0,480472.02,1951.0,0.0,0.0,1951.0,0.0,0.0,100.0,TX
168,Brooks,36222416000.0,2124932.0,43924205.0,1622085.5,6386.0,0.0,0.0,6386.0,0.0,0.0,100.0,TX
169,Brown TX,126519476000.0,19608354.4,299387266.0,15140196.9,42743.9997,0.0,5310.9187,37433.081,0.0,12.4,87.6,TX
170,Burleson,59541304400.0,11503014.23,168679791.5,8759311.499,24153.000350000002,956.50935,0.0,23196.491,4.0,0.0,96.0,TX
171,Burnet,148804756000.0,22601423.2,400091889.0,17287881.3,59377.0004,11657.715,9212.4434,38506.842,19.6,15.5,64.9,TX
172,Caldwell,78040699400.0,20785148.16,307947635.8,15893265.856,44035.9995,1121.107,1608.0575,41306.835,2.5,3.7,93.8,TX
173,Calhoun,144483410000.0,11423833.0,163893650.0,8720483.2,23294.0,0.0,0.0,23294.0,0.0,0.0,100.0,TX
174,Callahan,41850379000.0,8210113.6,117787570.0,6267262.3,16741.0,0.0,0.0,16741.0,0.0,0.0,100.0,TX
175,Cameron,1225032890000.0,97304686.0,2144860530.0,71992075.5,321872.996,61897.276,0.0,259975.72,19.2,0.0,80.8,TX
176,Camp,72079224160.0,5692403.4860000005,121399613.4,4338650.543,17703.99974,181.27074,0.0,17522.729,1.0,0.0,99.0,TX
177,Carson,18549060000.0,3638913.0,52206186.0,2777796.2,7420.0,0.0,0.0,7420.0,0.0,0.0,100.0,TX
178,Cass TX,135112320000.0,10667850.0,227106400.0,8143397.4,33067.0,0.0,0.0,33067.0,0.0,0.0,100.0,TX
179,Castro,20946481000.0,2546385.9,54209659.0,1943806.1,7893.0,0.0,0.0,7893.0,0.0,0.0,100.0,TX
180,Chambers,225764544700.0,18083520.05,343088294.0,13942095.35,50003.0005,2389.8276,6007.4429,41605.73,4.8,12.0,83.2,TX
181,Cherokee,201718480000.0,15926768.0,339062770.0,12157838.0,49368.0,0.0,0.0,49368.0,0.0,0.0,100.0,TX
182,Childress,24734284200.0,1962822.44,42966161.5,1461562.41,6410.00001,995.61741,0.0,5414.3826,15.5,0.0,84.5,TX
183,Clay TX,31017135200.0,5814341.739999999,88974356.8,4405514.51,12917.9997,1456.4757,0.0,11461.524,11.3,0.0,88.7,TX
184,Cochran,12021062000.0,949128.02,20205855.0,724525.21,2942.0,0.0,0.0,2942.0,0.0,0.0,100.0,TX
185,Coke,12300385000.0,1495312.2,31833494.0,1141459.7,4635.0,0.0,0.0,4635.0,0.0,0.0,100.0,TX
186,Coleman,44492637000.0,3512935.1,74786390.0,2681629.8,10889.0,0.0,0.0,10889.0,0.0,0.0,100.0,TX
187,Collin,2720516650000.0,150079002.6,5165570112.0,118396459.7,826681.0058,413188.31,408957.93,4534.7658,50.0,49.5,0.5,TX
188,Collingsworth,13360694310.0,1056932.615,22590832.27,804015.5537,3300.999987,75.892287,0.0,3225.1077,2.3,0.0,97.7,TX
189,Colorado,113511462000.0,9005115.299999999,198475881.0,6663213.33,29781.9996,5710.2516,0.0,24071.748,19.2,0.0,80.8,TX
190,Comal,424208110000.0,36888320.7,1122426900.0,29128900.3,176579.00100000002,73390.956,81741.114,21446.931,41.6,46.3,12.1,TX
191,Comanche,42697836000.0,8376365.8,120172730.0,6394172.4,17080.0,0.0,0.0,17080.0,0.0,0.0,100.0,TX
192,Concho,9134396000.0,1110434.6,23639889.0,847660.02,3442.0,0.0,0.0,3442.0,0.0,0.0,100.0,TX
193,Cooke,93462584000.0,28230511.0,405013060.0,21550008.0,57564.0,0.0,0.0,57564.0,0.0,0.0,100.0,TX
194,Coryell,240917766000.0,19078553.79,411097554.0,14409910.87,60500.9997,4165.7607,0.0,56335.239,6.9,0.0,93.1,TX
195,Cottle,4309778900.0,523923.83,11153742.0,399941.86,1624.0,0.0,0.0,1624.0,0.0,0.0,100.0,TX
196,Crane,8623094000.0,2604618.2,37367527.0,1988258.2,5311.0,0.0,0.0,5311.0,0.0,0.0,100.0,TX
197,Crockett,22917114170.0,1784675.281,38272745.8,1353650.451,5608.99997,235.45687,0.0,5373.5431,4.2,0.0,95.8,TX
198,Crosby,15009920000.0,1824700.2,38845791.0,1392900.9,5656.0,0.0,0.0,5656.0,0.0,0.0,100.0,TX
199,Culberson,6026537570.0,714015.609,15279423.2,542592.6871,2235.00001,66.52921,0.0,2168.4708,3.0,0.0,97.0,TX
200,Dallam,12989033000.0,3923356.4,56286993.0,2994928.5,8000.0,0.0,0.0,8000.0,0.0,0.0,100.0,TX
201,Dallas,13039726587000.0,285622694.8,12186824550.0,172002808.8,2123582.041,2087930.8,35651.241,0.0,98.3,1.7,0.0,TX
202,Dawson,30293181000.0,3682629.6,78398993.0,2811167.7,11415.0,0.0,0.0,11415.0,0.0,0.0,100.0,TX
203,Deaf Smith,55172601000.0,6707128.3,142787130.0,5119945.3,20790.0,0.0,0.0,20790.0,0.0,0.0,100.0,TX
204,Delta,26680846000.0,2109567.7,44910295.0,1610357.0,6539.0,0.0,0.0,6539.0,0.0,0.0,100.0,TX
205,Denton,2821426780000.0,118648710.0,4304121700.0,89488414.0,702930.0,434094.25,268835.75,0.0,61.8,38.2,0.0,TX
206,DeWitt,104152570000.0,8223410.3,175067050.0,6277412.5,25490.0,0.0,0.0,25490.0,0.0,0.0,100.0,TX
207,Dickens,11065676000.0,874926.98,18626200.0,667883.2,2712.0,0.0,0.0,2712.0,0.0,0.0,100.0,TX
208,Dimmit,31556392000.0,3836193.5,81668193.0,2928392.0,11891.0,0.0,0.0,11891.0,0.0,0.0,100.0,TX
209,Donley,9052128000.0,1100433.6,23426979.0,840025.66,3411.0,0.0,0.0,3411.0,0.0,0.0,100.0,TX
210,Duval,48006612000.0,3790382.4,80692928.0,2893421.7,11749.0,0.0,0.0,11749.0,0.0,0.0,100.0,TX
211,Eastland,73723766000.0,7325531.5,162904781.0,5375311.95,24626.9997,5866.6357,0.0,18760.364,23.8,0.0,76.2,TX
212,Ector,999016500000.0,77823214.2,1253086695.0,58966549.5,183873.9991,29539.131,7011.4681,147323.4,16.1,3.8,80.1,TX
213,Edwards,7780955500.0,945901.89,20137175.0,722062.51,2932.0,0.0,0.0,2932.0,0.0,0.0,100.0,TX
214,Ellis,586314481000.0,47211141.8,1184338200.0,35312093.6,185136.0,78009.526,31557.637,75568.837,42.1,17.0,40.8,TX
215,El Paso,2470823060000.0,196781426.0,4423402600.0,142916850.0,674628.0,197578.2,0.0,477049.8,29.3,0.0,70.7,TX
216,Erath,114879982300.0,13746418.46,293573991.4,10464513.0,42865.99984,783.39184,0.0,42082.608,1.8,0.0,98.2,TX
217,Falls,73123357000.0,5773485.7,122910940.0,4407241.0,17896.0,0.0,0.0,17896.0,0.0,0.0,100.0,TX
218,Fannin,96882591000.0,19006209.0,272675300.0,14508557.0,38755.0,0.0,0.0,38755.0,0.0,0.0,100.0,TX
219,Fayette,124498753000.0,14168037.0,239367251.0,10601494.75,35789.0005,9460.8035,2.1011548e-13,26328.197,26.4,0.0,73.6,TX
220,Fisher,18531109165.0,1465366.4872,31224307.79,1117717.6296,4550.000033,23.899333,0.0,4526.1007,0.5,0.0,99.5,TX
221,Floyd,28047734000.0,2217643.1,47211098.0,1692857.3,6874.0,0.0,0.0,6874.0,0.0,0.0,100.0,TX
222,Foard,4476968600.0,544248.46,11586430.0,415456.84,1687.0,0.0,0.0,1687.0,0.0,0.0,100.0,TX
223,Fort Bend,2056059810000.0,144530274.0,4081300040.0,113316730.0,636694.0,240991.66,262226.73,133475.61,37.9,41.2,21.0,TX
224,Franklin,52611553000.0,4153967.5,88433240.0,3170967.6,12876.0,0.0,0.0,12876.0,0.0,0.0,100.0,TX
225,Freestone,95939246000.0,7585604.0,161488880.0,5790537.5,23513.0,0.0,0.0,23513.0,0.0,0.0,100.0,TX
226,Frio,62840145000.0,4968565.8,105775110.0,3792798.3,15401.0,0.0,0.0,15401.0,0.0,0.0,100.0,TX
227,Gaines,142486170000.0,11265918.0,161628100.0,8599937.3,22972.0,0.0,0.0,22972.0,0.0,0.0,100.0,TX
228,Galveston,1303589460000.0,54107791.0,1846890650.0,42529893.0,296144.0,152122.14,144021.86,0.0,51.4,48.6,0.0,TX
229,Garza,19581187000.0,1548220.7,32959857.0,1181847.9,4799.0,0.0,0.0,4799.0,0.0,0.0,100.0,TX
230,Gillespie,86026432804.0,15325925.7441,251533862.106,11512323.4236,37299.000121000005,8285.4253,11.805821,29001.769,22.2,0.0,77.8,TX
231,Glasscock,6629457500.0,1064452.0,18756816.0,812558.81,2703.0,0.0,0.0,2703.0,0.0,0.0,100.0,TX
232,Goliad,60140427000.0,4755107.9,68219835.0,3629853.4,9696.0,0.0,0.0,9696.0,0.0,0.0,100.0,TX
233,Gonzales,103102380680.0,8141881.5200000005,173551225.0,6208324.864,25297.99996,185.49996,0.0,25112.5,0.7,0.0,99.3,TX
234,Gray,92715808000.0,7320416.0,155843330.0,5588103.8,22691.0,0.0,0.0,22691.0,0.0,0.0,100.0,TX
235,Grayson,732043692000.0,57988430.4,925672980.0,43710896.9,136154.999,24562.619,0.0,111592.38,18.0,0.0,82.0,TX
236,Gregg,589725360000.0,42783868.1,839889020.0,31320595.4,130444.0,59244.646,0.0,71199.354,45.4,0.0,54.6,TX
237,Grimes,99687814000.0,10958738.97,238213793.0,8212268.0,35326.000100000005,4147.0861,0.0,31178.914,11.7,0.0,88.3,TX
238,Guadalupe,468917460000.0,42967552.7,1016621220.0,32332675.9,159365.00100000002,72567.175,36219.702,50578.124,45.5,22.7,31.7,TX
239,Hale,74999176000.0,9117371.5,194098460.0,6959825.6,28261.0,0.0,0.0,28261.0,0.0,0.0,100.0,TX
240,Hall,17158285000.0,1006564.2,20806564.0,768369.65,3025.0,0.0,0.0,3025.0,0.0,0.0,100.0,TX
241,Hamilton,45934134800.0,3638846.4,78617295.3,2741889.94,11596.99964,970.71564,0.0,10626.284,8.4,0.0,91.6,TX
242,Hansford,40335520000.0,3189198.3,45754289.0,2434502.5,6503.0,0.0,0.0,6503.0,0.0,0.0,100.0,TX
243,Hardeman,10325954000.0,1255287.9,26723652.0,958235.07,3891.0,0.0,0.0,3891.0,0.0,0.0,100.0,TX
244,Hardin,105428835000.0,25953617.7,408473635.0,19597986.31,59825.0001,9466.7961,1.5020174e-13,50358.204,15.8,0.0,84.2,TX
245,Harris,6084553170000.0,508825635.0,20704337400.0,328085300.0,3551827.96,3189255.6,362572.36,0.0,89.8,10.2,0.0,TX
246,Harrison,124234465000.0,29272930.0,470572328.0,22046077.2,69360.0,13260.632,1.5020174e-13,56099.368,19.1,0.0,80.9,TX
247,Hartley,16956641000.0,3326515.8,47724334.0,2539325.0,6783.0,0.0,0.0,6783.0,0.0,0.0,100.0,TX
248,Haskell,23702984000.0,1871479.1,39841661.0,1428610.0,5801.0,0.0,0.0,5801.0,0.0,0.0,100.0,TX
249,Hays,437817707000.0,31906129.0,1179693660.0,23126900.0,195460.995,137474.84,57986.155,0.0,70.3,29.7,0.0,TX
250,Hemphill,34945459000.0,2763023.7,39640115.0,2109178.4,5634.0,0.0,0.0,5634.0,0.0,0.0,100.0,TX
251,Henderson,366515271000.0,29036291.5,627558662.0,21871846.3,92602.0,7939.469,0.0,84662.531,8.6,0.0,91.4,TX
252,Hidalgo,1821283330000.0,194340997.0,4251977210.0,144777617.0,634067.997,96766.837,0.0,537301.16,15.3,0.0,84.7,TX
253,Hill,173759058000.0,13756544.4,298766844.0,10317111.84,44271.999899999995,4983.2559,0.0,39288.744,11.3,0.0,88.7,TX
254,Hockley,70431978000.0,8562154.2,182278520.0,6535995.6,26540.0,0.0,0.0,26540.0,0.0,0.0,100.0,TX
255,Hood,233902618000.0,20122197.4,464552740.0,15378773.799999999,72007.99900000001,28096.532,20172.408,23739.059,39.0,28.0,33.0,TX
256,Hopkins,103374891800.0,19149574.99,297953822.0,14480479.57,43485.000499999995,6085.1755,0.0,37399.825,14.0,0.0,86.0,TX
257,Houston TX,58152053000.0,11408139.0,163668500.0,8708503.4,23262.0,0.0,0.0,23262.0,0.0,0.0,100.0,TX
258,Howard,73718023300.0,13760073.2,211828652.0,10418491.68,30812.9996,3778.1396,0.0,27034.86,12.3,0.0,87.7,TX
259,Hudspeth,9779557156.0,1183617.8191,25220162.28,902830.472,3674.999972,18.805072,0.0,3656.1949,0.5,0.0,99.5,TX
260,Hunt,175131276000.0,43335807.8,680364045.0,32733506.1,99571.0,15366.609,1.5020174e-13,84204.391,15.4,0.0,84.6,TX
261,Hutchinson,38952485000.0,11765655.0,168797660.0,8981416.3,23991.0,0.0,0.0,23991.0,0.0,0.0,100.0,TX
262,Irion,21461002000.0,1696851.6,24344124.0,1295306.6,3460.0,0.0,0.0,3460.0,0.0,0.0,100.0,TX
263,Jack,45213405000.0,3574876.8,76105059.0,2728913.6,11081.0,0.0,0.0,11081.0,0.0,0.0,100.0,TX
264,Jackson TX,103235309000.0,8017808.369999999,123537920.0,6070073.41,17975.0,2229.831,0.0,15745.169,12.4,0.0,87.6,TX
265,Jasper,161156391000.0,12756288.69,276648713.0,9579234.46,40943.9998,4288.1118,0.0,36655.888,10.5,0.0,89.5,TX
266,Jeff Davis,5049488890.0,1292507.413,19053274.85,983625.9519999999,2732.99999,133.67859,0.0,2599.3214,4.9,0.0,95.1,TX
267,Jefferson,631632320000.0,62514739.0,1391483860.0,45831893.2,210517.003,51148.543,0.0,159368.46,24.3,0.0,75.7,TX
268,Jim Hogg,18373429000.0,1452727.2,30926909.0,1108952.1,4503.0,0.0,0.0,4503.0,0.0,0.0,100.0,TX
269,Jim Wells,110645080000.0,13450712.0,286350350.0,10267719.0,41693.0,0.0,0.0,41693.0,0.0,0.0,100.0,TX
270,Johnson,764553106000.0,62559146.4,1202105060.0,48272496.7,180008.0,40417.35,44182.478,95408.172,22.5,24.5,53.0,TX
271,Jones,45865708000.0,5575723.8,118700810.0,4256277.8,17283.0,0.0,0.0,17283.0,0.0,0.0,100.0,TX
272,Karnes,83804541000.0,6626152.4,141063240.0,5058131.6,20539.0,0.0,0.0,20539.0,0.0,0.0,100.0,TX
273,Kaufman,261048429700.0,60034467.31,905245097.7,45630298.86,130657.99639999999,10452.532,1194.2344,119011.23,8.0,0.9,91.1,TX
274,Kendall,191032361000.0,19676060.1,430697502.0,15006379.8,65139.0,16028.639,10760.027,38350.334,24.6,16.5,58.9,TX
275,Kenedy,1825817700.0,221957.88,4725230.6,169433.5,688.0,0.0,0.0,688.0,0.0,0.0,100.0,TX
276,Kent,3027991200.0,368101.65,7836465.3,280993.63,1141.0,0.0,0.0,1141.0,0.0,0.0,100.0,TX
277,Kerr,172197908000.0,22446760.7,401774839.0,17009047.7,60149.0,15016.9,6592.077,38540.023,25.0,11.0,64.1,TX
278,Kimble,17688356200.0,1965140.56,42620168.0,1475654.0899999999,6308.0,662.0218,0.0,5645.9782,10.5,0.0,89.5,TX
279,King,785836470.0,237363.06,3405363.1,181193.18,484.0,0.0,0.0,484.0,0.0,0.0,100.0,TX
280,Kinney,9482044400.0,1152696.9,24539606.0,879921.34,3573.0,0.0,0.0,3573.0,0.0,0.0,100.0,TX
281,Kleberg,106194961000.0,8000020.09,174647074.0,5971749.09,25995.000500000002,3658.5515,0.0,22336.449,14.1,0.0,85.9,TX
282,Knox,11214979000.0,1363363.4,29024454.0,1040735.4,4226.0,0.0,0.0,4226.0,0.0,0.0,100.0,TX
283,Lamar,213846630000.0,16908158.0,359955430.0,12906991.0,52410.0,0.0,0.0,52410.0,0.0,0.0,100.0,TX
284,Lamb,34356156000.0,4176550.4,88914005.0,3188206.4,12946.0,0.0,0.0,12946.0,0.0,0.0,100.0,TX
285,Lampasas,73692387000.0,9651243.32,177022124.0,7327641.88,26580.000399999997,6902.6009,3590.3575,16087.042,26.0,13.5,60.5,TX
286,La Salle,32745339000.0,2585422.1,55040695.0,1973604.7,8014.0,0.0,0.0,8014.0,0.0,0.0,100.0,TX
287,Lavaca,48894489100.0,14474032.571,208299655.65,11045054.805,29636.99976,169.25076,0.0,29467.749,0.6,0.0,99.4,TX
288,Lee,79759216000.0,10841971.99,172460892.0,8176145.64,25340.0,4432.522,2.1011548e-13,20907.478,17.5,0.0,82.5,TX
289,Leon,96828744000.0,7655933.7,162986120.0,5844224.2,23731.0,0.0,0.0,23731.0,0.0,0.0,100.0,TX
290,Liberty,297835591420.0,36127863.18,595972920.03,28311452.6347,85547.00008,103.36808,22704.745,62738.887,0.1,26.5,73.3,TX
291,Limestone,101349560000.0,8002097.7,170355550.0,6108471.5,24804.0,0.0,0.0,24804.0,0.0,0.0,100.0,TX
292,Lipscomb,6575697700.0,1986199.2,28495290.0,1516182.6,4050.0,0.0,0.0,4050.0,0.0,0.0,100.0,TX
293,Live Oak,43811518000.0,4471409.55,98812177.0,3300432.01,14860.0003,3055.3993,0.0,11804.601,20.6,0.0,79.4,TX
294,Llano,51923644000.0,11661573.03,191968117.0,8755908.56,28492.0,6463.043,0.0,22028.957,22.7,0.0,77.3,TX
295,Loving,374342060.0,92543.925,1630725.7,70644.218,235.0,0.0,0.0,235.0,0.0,0.0,100.0,TX
296,Lubbock,832414516000.0,81434761.0,1637001020.0,63191745.4,246176.001,58259.955,72394.086,115521.96,23.7,29.4,46.9,TX
297,Lynn,16949851000.0,2060530.5,43866349.0,1572924.0,6387.0,0.0,0.0,6387.0,0.0,0.0,100.0,TX
298,McCulloch,39770333000.0,3144510.8,66943056.0,2400389.9,9747.0,0.0,0.0,9747.0,0.0,0.0,100.0,TX
299,McLennan,911679690000.0,67311263.1,1486312250.0,49720394.1,223373.005,45002.095,0.0,178370.91,20.1,0.0,79.9,TX
300,McMullen,13186731000.0,1042632.0,14958268.0,795902.26,2126.0,0.0,0.0,2126.0,0.0,0.0,100.0,TX
301,Madison,41470728000.0,4132629.8000000003,91839321.0,3034360.49,13875.9999,3257.3899,0.0,10618.61,23.5,0.0,76.5,TX
302,Marion,43299761000.0,3423571.2,72883935.0,2613413.2,10612.0,0.0,0.0,10612.0,0.0,0.0,100.0,TX
303,Martin TX,43008091570.0,3396149.4658999997,48979816.96,2590961.6516,6974.000032,67.208032,0.0,6906.792,1.0,0.0,99.0,TX
304,Mason,26861475000.0,2120859.1,45150677.0,1618976.5,6574.0,0.0,0.0,6574.0,0.0,0.0,100.0,TX
305,Matagorda,144427022000.0,11437964.2,248986426.0,8560308.18,36969.0003,4628.4573,0.0,32340.543,12.5,0.0,87.5,TX
306,Maverick,199328960800.0,15536297.75,333253325.0,11781749.26,48849.0001,2112.2431,0.0,46736.757,4.3,0.0,95.7,TX
307,Medina,143992358200.0,27755904.87,399910818.2,21203955.66,56857.00024,0.0,501.53924,56355.461,0.0,0.9,99.1,TX
308,Menard,12004137000.0,949128.02,20205855.0,724525.21,2942.0,0.0,0.0,2942.0,0.0,0.0,100.0,TX
309,Midland,694537669000.0,72427030.4,1532235370.0,54702161.2,231447.99800000002,57587.65,21753.778,152106.57,24.9,9.4,65.7,TX
310,Milam,122690830000.0,9687106.4,206227470.0,7394737.7,30027.0,0.0,0.0,30027.0,0.0,0.0,100.0,TX
311,Mills,18884475000.0,2295715.5,48873170.0,1752454.6,7116.0,0.0,0.0,7116.0,0.0,0.0,100.0,TX
312,Mitchell,29296741000.0,2313136.6,49244046.0,1765753.1,7170.0,0.0,0.0,7170.0,0.0,0.0,100.0,TX
313,Montague,66389136000.0,13024072.0,186851710.0,9942039.6,26557.0,0.0,0.0,26557.0,0.0,0.0,100.0,TX
314,Montgomery,1837505080000.0,101719321.0,3511914400.0,80482897.0,561699.0,278285.44,283413.56,0.0,49.5,50.5,0.0,TX
315,Moore,52077642000.0,10455964.16,161570271.0,7913181.44,23529.9999,3029.8609,0.0,20500.139,12.9,0.0,87.1,TX
316,Morris,56117355000.0,4430769.6,94326042.0,3382266.9,13734.0,0.0,0.0,13734.0,0.0,0.0,100.0,TX
317,Motley,6839992200.0,540054.49,11497145.0,412255.34,1674.0,0.0,0.0,1674.0,0.0,0.0,100.0,TX
318,Nacogdoches,229337131000.0,18180552.7,394885939.0,13633844.01,58520.0002,6617.7252,0.0,51902.275,11.3,0.0,88.7,TX
319,Navarro,205136403000.0,16258459.7,352546995.0,12210849.72,52169.9995,5419.6915,0.0,46750.308,10.4,0.0,89.6,TX
320,Newton,55238613000.0,4367537.4,92979901.0,3333998.1,13538.0,0.0,0.0,13538.0,0.0,0.0,100.0,TX
321,Nolan,56750536800.0,4499478.43,97831022.0,3371063.7,14511.0005,1723.2695,0.0,12787.731,11.9,0.0,88.1,TX
322,Nueces,843483290000.0,87604302.0,1850145500.0,66775459.4,283536.001,97502.011,65012.49,121021.5,34.4,22.9,42.7,TX
323,Ochiltree,49281449000.0,3891037.7,82835765.0,2970257.8,12061.0,0.0,0.0,12061.0,0.0,0.0,100.0,TX
324,Oldham,7534618200.0,1478124.5,21206125.0,1128339.3,3014.0,0.0,0.0,3014.0,0.0,0.0,100.0,TX
325,Orange TX,252971764000.0,20919662.6,526703120.0,15997717.0,81558.001,29304.396,21346.937,30906.668,35.9,26.2,37.9,TX
326,Palo Pinto,134858990000.0,10647848.0,226680580.0,8128128.6,33005.0,0.0,0.0,33005.0,0.0,0.0,100.0,TX
327,Panola,44010090000.0,13293312.0,190714400.0,10147567.0,27106.0,0.0,0.0,27106.0,0.0,0.0,100.0,TX
328,Parker,484787080000.0,62280172.2,1087859540.0,47722055.5,160830.00199999998,28338.425,25332.017,107159.56,17.6,15.8,66.6,TX
329,Parmer,16418137000.0,4959122.4,71146759.0,3785589.7,10112.0,0.0,0.0,10112.0,0.0,0.0,100.0,TX
330,Pecos,67057144000.0,5247661.395,112244991.4,3989383.873,16411.99974,445.74274,0.0,15966.257,2.7,0.0,97.3,TX
331,Polk TX,330729548400.0,26663853.4,398877667.0,20509589.4,56865.9995,0.0,4801.8655,52064.134,0.0,8.4,91.6,TX
332,Potter,293115568000.0,31770640.8,692766685.0,23741058.8,103010.0,13843.464,0.0,89166.536,13.4,0.0,86.6,TX
333,Presidio,32030102600.0,2530660.7989999996,54145520.9,1923366.953,7918.99997,228.36367,0.0,7690.6363,2.9,0.0,97.1,TX
334,Rains,62985950000.0,4973082.4,105871260.0,3796246.1,15415.0,0.0,0.0,15415.0,0.0,0.0,100.0,TX
335,Randall,327056548000.0,60858398.0,940970530.0,46054951.9,137062.001,17781.671,0.0,119280.33,13.0,0.0,87.0,TX
336,Reagan,31489161660.0,2492006.772,37712279.9,1890686.305,5456.00003,513.70333,0.0,4942.2967,9.4,0.0,90.6,TX
337,Real,19258846000.0,1522734.3,32417280.0,1162392.6,4720.0,0.0,0.0,4720.0,0.0,0.0,100.0,TX
338,Red River,59212790000.0,4681762.7,99669399.0,3573864.7,14512.0,0.0,0.0,14512.0,0.0,0.0,100.0,TX
339,Reeves,62091538700.0,4835590.44,103698009.2,3667796.1199999996,15197.00022,636.06122,0.0,14560.939,4.2,0.0,95.8,TX
340,Refugio,33922112000.0,2678334.7,57018698.0,2044530.3,8302.0,0.0,0.0,8302.0,0.0,0.0,100.0,TX
341,Roberts,3244835600.0,636564.57,9132564.6,485927.15,1298.0,0.0,0.0,1298.0,0.0,0.0,100.0,TX
342,Robertson,53322899000.0,6482266.9,138000090.0,4948295.4,20093.0,0.0,0.0,20093.0,0.0,0.0,100.0,TX
343,Rockwall,510197804000.0,26633602.7,573124257.0,16850097.9,95339.0,81012.203,0.0,14326.797,85.0,0.0,15.0,TX
344,Runnels,50572247800.0,4008309.7399999998,86934556.3,3009841.0900000003,12867.0001,1351.9551,0.0,11515.045,10.5,0.0,89.5,TX
345,Rusk,139049394150.0,16883381.681,359514150.08,12885391.8578,52356.999967,72.709967,0.0,52284.29,0.1,0.0,99.9,TX
346,Sabine,34751573000.0,4224619.8,89937347.0,3224900.6,13095.0,0.0,0.0,13095.0,0.0,0.0,100.0,TX
347,San Augustine,38611981000.0,3032584.4239999996,64741084.56,2309314.354,9449.99998,152.57248,0.0,9297.4275,1.6,0.0,98.4,TX
348,San Jacinto,117054610000.0,9255127.3,197031130.0,7064982.7,28688.0,0.0,0.0,28688.0,0.0,0.0,100.0,TX
349,San Patricio,190473677000.0,27292133.7,461237351.0,20998995.86,67532.99960000001,8450.4836,11001.633,48080.883,12.5,16.3,71.2,TX
350,San Saba,20951789000.0,2547031.2,54223395.0,1944298.6,7895.0,0.0,0.0,7895.0,0.0,0.0,100.0,TX
351,Schleicher,17479851000.0,1382074.9,29422802.0,1055019.0,4284.0,0.0,0.0,4284.0,0.0,0.0,100.0,TX
352,Scurry,112953864400.0,9214048.29,141190050.0,7119264.5,20163.0,0.0,2644.523,17518.477,0.0,13.1,86.9,TX
353,Shackelford,29177039000.0,2306933.5,33096752.0,1761018.0,4704.0,0.0,0.0,4704.0,0.0,0.0,100.0,TX
354,Shelby,114316750000.0,9038653.9,192422650.0,6899735.8,28017.0,0.0,0.0,28017.0,0.0,0.0,100.0,TX
355,Sherman,18427930000.0,1457036.5,20903582.0,1112241.6,2971.0,0.0,0.0,2971.0,0.0,0.0,100.0,TX
356,Smith,1083058820000.0,85913871.1,1475268260.0,64145909.3,221563.00199999998,63596.852,0.0,157966.15,28.7,0.0,71.3,TX
357,Somervell,30748442000.0,6032160.4,86541251.0,4604702.6,12300.0,0.0,0.0,12300.0,0.0,0.0,100.0,TX
358,Starr,205385590000.0,18551062.0,383466700.0,14161116.0,55751.0,0.0,0.0,55751.0,0.0,0.0,100.0,TX
359,Stephens,41973675000.0,3318721.9,70651813.0,2533375.5,10287.0,0.0,0.0,10287.0,0.0,0.0,100.0,TX
360,Sterling,6222184700.0,1220654.2,17512291.0,931797.14,2489.0,0.0,0.0,2489.0,0.0,0.0,100.0,TX
361,Stonewall,8352300300.0,660389.21,14058935.0,504113.9,2047.0,0.0,0.0,2047.0,0.0,0.0,100.0,TX
362,Sutton,9282287400.0,2803728.5,40224092.0,2140250.8,5717.0,0.0,0.0,5717.0,0.0,0.0,100.0,TX
363,Swisher,28047734000.0,2217643.1,47211098.0,1692857.3,6874.0,0.0,0.0,6874.0,0.0,0.0,100.0,TX
364,Tarrant,9602505870000.0,250528490.0,10040840200.0,164839521.0,1713566.97,1489484.4,224082.57,0.0,86.9,13.1,0.0,TX
365,Taylor,373851430000.0,39751068.4,870392050.0,29592025.9,129882.0,20367.07,0.0,109514.93,15.7,0.0,84.3,TX
366,Terrell,4896316700.0,387135.83,8241681.3,295523.54,1200.0,0.0,0.0,1200.0,0.0,0.0,100.0,TX
367,Terry,45576548000.0,3603589.4,76716317.0,2750831.6,11170.0,0.0,0.0,11170.0,0.0,0.0,100.0,TX
368,Throckmorton,8356380500.0,660711.82,14065803.0,504360.17,2048.0,0.0,0.0,2048.0,0.0,0.0,100.0,TX
369,Titus,116342222000.0,9256373.7,206541170.0,6770352.7,31311.0001,8002.2771,0.0,23308.723,25.6,0.0,74.4,TX
370,Tom Green,323095431000.0,54273169.6,810710966.0,41239967.06,116796.0048,8404.6748,0.0,108391.33,7.2,0.0,92.8,TX
371,Travis,1732719510000.0,147031233.0,5864765600.0,99673310.0,993149.0,817866.22,175282.78,0.0,82.4,17.6,0.0,TX
372,Trinity TX,42184880000.0,5128259.3,109174800.0,3914701.8,15896.0,0.0,0.0,15896.0,0.0,0.0,100.0,TX
373,Tyler,58558856000.0,7118782.7,151550780.0,5434185.3,22066.0,0.0,0.0,22066.0,0.0,0.0,100.0,TX
374,Upshur,177521035114.0,14015259.5748,298380074.55,10698324.385,43445.9996061,9.4026061,0.0,43436.597,0.0,0.0,100.0,TX
375,Upton,29592613000.0,2339791.6,33568155.0,1786100.5,4771.0,0.0,0.0,4771.0,0.0,0.0,100.0,TX
376,Uvalde,75978250800.0,8688620.78,187291792.0,6560195.970000001,27572.9996,1958.4336,0.0,25614.566,7.1,0.0,92.9,TX
377,Val Verde,191205362300.0,15107853.34,323393738.8,11477709.98,47317.0001,1489.0931,0.0,45827.907,3.1,0.0,96.9,TX
378,Van Zandt,356413748000.0,28217305.9,436754153.0,21350839.34,63639.0,8367.298,0.0,55271.702,13.1,0.0,86.9,TX
379,Victoria,490805484000.0,37549247.2,612648290.0,28225667.3,90696.0,19376.439,0.0,71319.561,21.4,0.0,78.6,TX
380,Walker,159266039000.0,16850589.6,369394893.0,12530639.4,55177.000199999995,8999.2412,0.0,46177.759,16.3,0.0,83.7,TX
381,Waller,251989301100.0,18900500.04,356409008.0,14058690.79,54493.999599999996,20036.676,2582.4366,31874.887,36.8,4.7,58.5,TX
382,Ward,85165150630.0,6756695.714,107000526.1,5115797.36,15657.00018,2338.3893,335.31088,12983.3,14.9,2.1,82.9,TX
383,Washington TX,136723961000.0,11716999.2,275983024.0,8822321.2,42573.9998,15043.741,6659.6528,20870.606,35.3,15.6,49.0,TX
384,Webb,832686122000.0,65793930.7,1408406265.0,49983498.31,206074.9978,6521.2378,0.0,199553.76,3.2,0.0,96.8,TX
385,Wharton,189714768000.0,15017147.5,325732269.0,11275394.43,48215.0001,5091.7981,0.0,43123.202,10.6,0.0,89.4,TX
386,Wheeler,19481416300.0,2177075.09,47157609.7,1636638.3760000002,6972.0,683.6206,0.0,6288.3794,9.8,0.0,90.2,TX
387,Wichita,343759110000.0,32266135.7,727260340.0,23372979.2,111159.0,34048.608,0.0,77110.392,30.6,0.0,69.4,TX
388,Wilbarger,50805584600.0,3862964.3099999996,83911015.7,2896686.82,12436.0,1411.611,0.0,11024.389,11.4,0.0,88.6,TX
389,Willacy,89631478000.0,5258091.9,108689360.0,4013810.7,15802.0,0.0,0.0,15802.0,0.0,0.0,100.0,TX
390,Williamson,1652678270000.0,134542553.0,3149861130.0,101887333.0,484040.006,159778.74,85787.576,238473.69,33.0,17.7,49.3,TX
391,Wilson,100882822000.0,25536311.4,396625448.0,19314140.88,57853.999800000005,7930.8778,0.0,49923.122,13.7,0.0,86.3,TX
392,Winkler,68625078050.0,5423779.1273,77941396.56,4139529.2196,11084.000125,33.640125,0.0,11050.36,0.3,0.0,99.7,TX
393,Wise,563196250000.0,44530095.0,638857370.0,33992439.0,90800.0,0.0,0.0,90800.0,0.0,0.0,100.0,TX
394,Wood,140479150000.0,17077529.0,363561170.0,13036282.0,52935.0,0.0,0.0,52935.0,0.0,0.0,100.0,TX
395,Yoakum,69301670000.0,5479457.6,78611821.0,4182792.1,11173.0,0.0,0.0,11173.0,0.0,0.0,100.0,TX
396,Young,92715838000.0,7330739.6,156063100.0,5595984.5,22723.0,0.0,0.0,22723.0,0.0,0.0,100.0,TX
397,Zapata,50615037000.0,4001966.3,82724148.0,3054936.1,12027.0,0.0,0.0,12027.0,0.0,0.0,100.0,TX
398,Zavala,49739174000.0,2917871.7,60314963.0,2227383.0,8769.0,0.0,0.0,8769.0,0.0,0.0,100.0,TX
