,County,State,annual_ghg_emissions,annual_operating_cost,total_annual_cost,annual_fuel_use,total_vehicle_count,vehicle_split_BEV,vehicle_split_FFV,vehicle_split_SIDI,vehicle_pc_BEV,vehicle_pc_FFV,vehicle_pc_SIDI,efuels_area,census_area,census_totpop,census_urbpop,census_rurpop,pct_rural,pop_density,county_class,ghg_globalrank,popden_globalrank,censusarea_globalrank,ghg_staterank,popden_staterank,censusarea_staterank,median_household_income_2018,household_income_ID,household_income,annual_vmt
0,Alameda,CA,1783929600000.0,318966620.0,7192956300.0,136290200.0,1217269.0,1217269.0,0.0,0.0,100.0,0.0,0.0,100.0,739.016,1510271,1504402,5869,0.4,2043.6214593169036,urban,29.0,9.0,293.0,14.0,4.0,49.0,"$101,744",8,"$100,000 to $124,999",10763.31
1,Contra Costa,CA,4027894200000.0,240519220.0,5423903700.0,102770660.0,917891.0,917891.0,0.0,0.0,100.0,0.0,0.0,100.0,715.937,1049025,1040709,8316,0.8,1465.2476405046812,urban,14.0,12.0,296.0,8.0,7.0,51.0,"$101,463",8,"$100,000 to $124,999",10763.31
2,Marin,CA,960235880000.0,57338939.0,1293039600.0,24500166.0,218822.0,218822.0,0.0,0.0,100.0,0.0,0.0,100.0,520.306,252409,235952,16457,6.5,485.11645070400874,suburban,42.0,30.0,357.0,22.0,13.0,55.0,"$122,933",8,"$100,000 to $124,999",10763.31
3,San Francisco,CA,1565396800000.0,119103380.0,2685878000.0,50891291.0,454533.0,454533.0,6.8764172e-12,0.0,100.0,0.0,0.0,100.0,46.873,805235,805235,0,0.0,17179.079640731336,urban,33.0,1.0,399.0,16.0,1.0,58.0,"$110,601",8,"$100,000 to $124,999",10763.31
4,San Mateo,CA,3143350500000.0,187700110.0,4232790000.0,80201763.0,716318.0,716318.0,0.0,0.0,100.0,0.0,0.0,100.0,448.408,718451,704865,13586,1.9,1602.2260976610587,urban,18.0,10.0,369.0,9.0,5.0,56.0,"$122,930",8,"$100,000 to $124,999",10763.31
5,Alpine,CA,3585886300.0,1133274.62,12695918.3,420333.981,1820.9999899999998,396.96189,0.0,1424.0381,21.8,0.0,78.2,21.79911538907953,738.332,1175,0,1175,100.0,1.5914249958013469,rural,393.0,380.0,294.0,58.0,58.0,50.0,"$55,384",6,"$50,000 to $74,999",10577.93
6,Amador,CA,71470663000.0,15703854.5,198967876.0,5947661.7,29750.0,12759.691,1.1247949000000001e-13,16990.308999999997,42.9,0.0,57.1,42.889718153250705,594.583,38091,15075,23016,60.4,64.06338559965555,rural,226.0,117.0,335.0,46.0,36.0,54.0,"$58,515",6,"$50,000 to $74,999",10577.93
7,Butte,CA,194734030000.0,34818444.0,757602440.0,14877458.0,127993.0,127993.0,0.0,0.0,100.0,0.0,0.0,69.2993337365509,1636.464,220000,178416,41584,18.9,134.43619902423762,suburban,127.0,68.0,53.0,37.0,24.0,28.0,"$50,945",6,"$50,000 to $74,999",10577.93
8,Calaveras,CA,98361826000.0,36755748.0,392792573.0,13531418.26,55341.0004,6895.8224,0.0,48445.178,12.5,0.0,87.5,12.460603195862804,1020.012,45578,11208,34370,75.4,44.68378803386627,rural,197.0,150.0,126.0,41.0,39.0,40.0,"$62,984",6,"$50,000 to $74,999",10577.93
9,Colusa,CA,19724903520.0,3529778.238000001,76494553.06,1506578.5235,12914.999823,12878.256000000001,0.0,36.743823,99.7,0.0,0.3,59.71549498167461,1150.731,21419,14624,6795,31.7,18.61338575218709,suburban,342.0,243.0,97.0,55.0,48.0,39.0,"$57,249",6,"$50,000 to $74,999",10577.93
10,Fresno,CA,2466029100000.0,187628090.0,4082534400.0,80170987.0,689723.0,689723.0,7.451169199999999e-12,0.0,100.0,0.0,0.0,67.29060341275007,5957.991,930450,829913,100537,10.8,156.16841314463215,suburban,24.0,63.0,8.0,12.0,22.0,6.0,"$52,318",6,"$50,000 to $74,999",10577.93
11,Inyo,CA,87157436000.0,7210908.300000002,127814182.0,2925763.02,20806.0001,17343.644,1.1247949000000001e-13,3462.3561,83.4,0.0,16.6,43.358857550221956,10180.879,18546,9935,8611,46.4,1.821650173820944,suburban,214.0,375.0,2.0,45.0,57.0,2.0,"$53,793",6,"$50,000 to $74,999",10577.93
12,Kern,CA,2658576900000.0,167740500.0,3649807300.0,71673286.0,616616.0,616616.0,0.0,0.0,100.0,0.0,0.0,62.769907938141905,8131.916,839631,753938,85693,10.2,103.25131248281463,suburban,22.0,85.0,3.0,11.0,30.0,3.0,"$51,586",6,"$50,000 to $74,999",10577.93
13,Kings,CA,410167330000.0,25879136.0,563095140.0,11057811.0,95132.0,95132.0,0.0,0.0,100.0,0.0,0.0,72.15325875997726,1389.42,152982,136381,16601,10.9,110.10493587252235,suburban,77.0,81.0,73.0,32.0,28.0,34.0,"$58,255",6,"$50,000 to $74,999",10577.93
14,Lassen,CA,25027358900.0,10962502.54,112205048.4,4009361.107,15535.99996,498.26696,1.1247949000000001e-13,15037.733,3.2,0.0,96.8,3.20717661863607,4541.184,34895,10285,24610,70.5,7.684119383843508,rural,331.0,313.0,12.0,54.0,51.0,8.0,"$57,705",6,"$50,000 to $74,999",10577.93
15,Los Angeles,CA,11246478000000.0,2010870200.0,43753827000.0,859218120.0,7391982.0,7391982.0,0.0,0.0,100.0,0.0,0.0,87.96868099546862,4057.884,9818605,9759181,59424,0.6,2419.636687495256,urban,2.0,5.0,15.0,1.0,3.0,11.0,"$67,986",6,"$50,000 to $74,999",10577.93
16,Madera,CA,487275260000.0001,30744191.00000001,668952190.0000001,13136584.000000007,113016.00000000006,113016.0,2.3280316e-11,0.0,100.0,0.0,0.0,70.75960599951141,2137.069,150865,101193,49672,32.9,70.59435142243886,suburban,67.0,110.0,39.0,29.0,35.0,24.0,"$53,632",6,"$50,000 to $74,999",10577.93
17,Mariposa,CA,43932691000.0,11913482.1,136152784.0,4433092.46,19670.0001,5019.8291,1.1247949000000001e-13,14650.171,25.5,0.0,74.5,25.520229275566603,1448.816,18251,0,18251,100.0,12.597182803061258,rural,281.0,276.0,69.0,49.0,49.0,31.0,"$51,402",6,"$50,000 to $74,999",10577.93
18,Mendocino,CA,135832890000.0,24286921.0,528450690.0,10377478.0,89279.0,89279.0,0.0,0.0,100.0,0.0,0.0,67.43521955880166,3506.343,87841,48110,39731,45.2,25.052027140527898,suburban,164.0,207.0,21.0,40.0,44.0,15.0,"$51,386",6,"$50,000 to $74,999",10577.93
19,Merced,CA,704723780000.0,53618984.00000002,1166676900.0000002,22910679.00000001,197104.00000000003,197104.0,0.0,2.3280316e-11,100.0,0.0,0.0,74.36909553011473,1934.972,255793,219283,36510,14.3,132.1946777524429,suburban,53.0,72.0,45.0,23.0,25.0,25.0,"$56,169",6,"$50,000 to $74,999",10577.93
20,Mono,CA,43398636800.0,3780073.56,72002512.8,1560441.15,11887.0003,10667.214,0.0,1219.7863,89.7,0.0,10.3,49.738485002402285,3048.982,14202,7693,6509,45.8,4.657948128260514,suburban,283.0,338.0,28.0,50.0,53.0,19.0,"$66,499",6,"$50,000 to $74,999",10577.93
21,Monterey,CA,499920240000.0,89385739.0,1944913300.0,38193338.0,328583.0,328583.0,0.0,0.0,100.0,0.0,0.0,82.56596268046064,3280.595,415057,374315,40742,9.8,126.51881747061128,suburban,64.0,77.0,24.0,27.0,26.0,17.0,"$69,665",6,"$50,000 to $74,999",10577.93
22,Nevada,CA,259130010000.0,19715934.0,428992170.0,8424356.6,72476.0,72476.0,0.0,0.0,100.0,0.0,0.0,86.31184632202607,957.771,98764,57150,41614,42.1,103.11848748971572,suburban,102.0,86.0,149.0,35.0,31.0,44.0,"$66,681",6,"$50,000 to $74,999",10577.93
23,Plumas,CA,25952409400.0,10058090.19,106466700.2,3697381.55,14943.9996,1565.7496,0.0,13378.25,10.5,0.0,89.5,10.477446523765249,2553.042,20007,5197,14810,74.0,7.836530759568093,rural,330.0,311.0,34.0,53.0,50.0,22.0,"$55,079",6,"$50,000 to $74,999",10577.93
24,Riverside,CA,7592872700000.0,479065430.0,10423818000.0,204698290.0,1761050.0,1761050.0,0.0,0.0,100.0,0.0,0.0,75.77942830440705,7206.48,2189641,2088429,101212,4.6,303.84334654366626,suburban,5.0,42.0,4.0,3.0,17.0,4.0,"$66,793",6,"$50,000 to $74,999",10577.93
25,Sacramento,CA,4164772900000.0,262772580.0,5717577300.0,112279230.0,965955.0,965955.0,0.0,0.0,100.0,0.0,0.0,100.0,964.643,1418788,1389531,29257,2.1,1470.789223796551,urban,11.0,11.0,146.0,7.0,6.0,43.0,"$69,475",6,"$50,000 to $74,999",10577.93
26,San Bernardino,CA,5566500640000.0,499507394.0,9661317600.0,212687577.0,1596697.955,1435118.1,67939.166,93640.689,89.9,4.3,5.9,49.88037468834082,20056.938,2035210,1938853,96357,4.7,101.47162044375865,suburban,8.0,88.0,1.0,4.0,32.0,1.0,"$63,310",6,"$50,000 to $74,999",10577.93
27,San Joaquin,CA,2413093900000.0,152251970.0,3312797900.0,65055244.0,559680.0,559680.0,0.0,0.0,100.0,0.0,0.0,98.07382297552991,1391.322,685306,627241,58065,8.5,492.55743817750306,suburban,25.0,29.0,72.0,13.0,12.0,33.0,"$63,567",6,"$50,000 to $74,999",10577.93
28,San Luis Obispo,CA,1033330000000.0,65197022.0,1418599400.0,27857821.0,239665.0,239665.0,0.0,0.0,100.0,0.0,0.0,81.03023236321043,3298.567,269637,224887,44750,16.6,81.74367839125293,suburban,40.0,102.0,23.0,21.0,34.0,16.0,"$70,626",6,"$50,000 to $74,999",10577.93
29,Shasta,CA,460712519000.0,31585729.9,653371243.0,13315126.9,109466.0021,105431.51,1.1247949000000001e-13,4034.4921,96.3,0.0,3.7,56.31438790099796,3775.402,177223,125321,51902,29.3,46.94149126371178,suburban,70.0,142.0,19.0,31.0,38.0,13.0,"$53,908",6,"$50,000 to $74,999",10577.93
30,Sierra,CA,10621278900.0,1645043.8199999996,17856121.8,607089.145,2531.00004,395.66904,0.0,2135.331,15.6,0.0,84.4,15.632913523717878,953.214,3240,9,3231,99.7,3.3990268711957654,rural,372.0,359.0,150.0,57.0,55.0,45.0,"$52,308",6,"$50,000 to $74,999",10577.93
31,Stanislaus,CA,1493387000000.0,113624510.0,2472316300.0,48550242.0,417685.0,417685.0,0.0,0.0,100.0,0.0,0.0,82.70381806645229,1494.827,514453,473396,41057,8.0,344.15554442085937,suburban,34.0,38.0,63.0,17.0,15.0,30.0,"$59,616",6,"$50,000 to $74,999",10577.93
32,Sutter,CA,91763279418.0,16327840.420999998,342118745.99,6908504.2857,57442.000442,55869.694,24.935742,1547.3707,97.3,0.0,2.7,57.26279308212226,602.41,94737,80718,14019,14.8,157.26332564200462,suburban,206.0,62.0,333.0,43.0,21.0,53.0,"$57,879",6,"$50,000 to $74,999",10577.93
33,Tuolumne,CA,264492650000.0,16687924.0,363106750.0,7130528.1,61345.0,61345.0,0.0,0.0,100.0,0.0,0.0,64.46797376942149,2220.884,55365,28255,27110,49.0,24.929262401818374,suburban,100.0,209.0,38.0,34.0,45.0,23.0,"$56,500",6,"$50,000 to $74,999",10577.93
34,Yolo,CA,528692110000.0,33357350.0,725811000.0,14253152.0,122622.0,122622.0,0.0,0.0,100.0,0.0,0.0,100.0,1014.689,200849,186931,13918,6.9,197.9414382140735,suburban,60.0,56.0,129.0,26.0,19.0,41.0,"$67,804",6,"$50,000 to $74,999",10577.93
35,Del Norte,CA,59495235340.0,4589147.379,119233581.55,1956369.779,20285.00023,20180.545,0.0,104.45523,99.5,0.0,0.5,59.48506171139954,1006.373,28610,18976,9634,33.7,28.428823110317943,suburban,246.0,194.0,132.0,47.0,43.0,42.0,"$48,518",5,"$35,000 to $49,999",10180.84
36,Glenn,CA,51677263830.0,4649894.677,101702732.07,1913299.58,16884.999553999998,14990.233999999999,97.637054,1797.1285,88.8,0.6,10.6,48.77840929833884,1313.947,28122,16628,11494,40.9,21.402689758414912,suburban,264.0,227.0,81.0,48.0,47.0,36.0,"$47,365",5,"$35,000 to $49,999",10180.84
37,Humboldt,CA,144591160000.0,25852900.0,678139020.0,11046600.0,115509.0,115509.0,0.0,0.0,100.0,0.0,0.0,62.11694417532952,3567.987,134623,94561,40062,29.8,37.7307989070588,suburban,151.0,169.0,20.0,39.0,42.0,14.0,"$49,471",5,"$35,000 to $49,999",10180.84
38,Imperial,CA,491705643200.0,47101800.1,978736969.0,19394899.6,160948.9975,135629.75,4262.8615,21056.386000000002,84.3,2.6,13.1,44.26877619301831,4176.603,174528,144129,30399,17.4,41.7870695395277,suburban,65.0,159.0,14.0,28.0,40.0,10.0,"$46,633",5,"$35,000 to $49,999",10180.84
39,Modoc,CA,14557953460.0,3410706.6010000003,36576111.7,1248550.126,5104.00004,270.03154,0.0,4833.9685,5.3,0.0,94.7,5.290586638398961,3917.77,9686,2910,6776,70.0,2.4723248174344077,rural,362.0,371.0,16.0,56.0,56.0,12.0,"$45,227",5,"$35,000 to $49,999",10180.84
40,Siskiyou,CA,42488910400.0,20046747.27,215296606.6,7339722.0,30059.9996,1676.8786,0.0,28383.121,5.6,0.0,94.4,5.578438589946541,6277.887,44900,15344,29556,65.8,7.152087955708665,rural,288.0,317.0,5.0,51.0,52.0,5.0,"$47,560",5,"$35,000 to $49,999",10180.84
41,Tehama,CA,97800137400.0,22844461.31,248410978.0,8376160.6,34842.9996,2779.1266,0.0,32063.873,8.0,0.0,92.0,7.97614042471218,2949.709,63463,30787,32676,51.5,21.515003683414193,rural,198.0,225.0,29.0,42.0,46.0,20.0,"$47,572",5,"$35,000 to $49,999",10180.84
42,Tulare,CA,1328870700200.0,78227667.1,1936033040.0,33501439.700000007,326745.004,312656.41,8046.0414,6042.5526,95.7,2.5,1.8,55.68819906144284,4824.215,442179,373730,68449,15.5,91.65822833352162,suburban,36.0,93.0,9.0,18.0,33.0,7.0,"$48,763",5,"$35,000 to $49,999",10180.84
43,Yuba,CA,165751583800.0,10201793.8,245504989.0,4271862.65,41347.0,39327.559,0.0,2019.441,95.1,0.0,4.9,55.115870531077164,631.839,72155,53234,18921,26.2,114.19839547732887,suburban,141.0,79.0,325.0,38.0,27.0,52.0,"$47,504",5,"$35,000 to $49,999",10180.84
44,El Dorado,CA,608605500000.0,40088536.0,818253240.0,17129298.0,137800.0,137800.0,0.0,0.0,100.0,0.0,0.0,93.5320048209676,1707.882,181058,118231,62827,34.7,106.01311682357634,suburban,55.0,83.0,50.0,24.0,29.0,27.0,"$81,869",7,"$75,000 to $99,999",10896.06
45,Napa,CA,202352520000.0,36180631.0,738488400.0,15459503.0,124367.0,124367.0,0.0,0.0,100.0,0.0,0.0,100.0,748.362,136484,118194,18290,13.4,182.3769779865894,suburban,124.0,60.0,288.0,36.0,20.0,48.0,"$85,624",7,"$75,000 to $99,999",10896.06
46,Placer,CA,475530950000.0,85024933.0,1735456900.0,36330024.0,292264.0,292264.0,0.0,0.0,100.0,0.0,0.0,100.0,1407.009,348432,300393,48039,13.8,247.64020699227936,suburban,69.0,46.0,71.0,30.0,18.0,32.0,"$89,175",7,"$75,000 to $99,999",10896.06
47,San Benito,CA,91283821900.0,16448015.9,317478692.0,6920101.289999999,52933.9997,50586.184,0.0,2347.8157,95.6,0.0,4.4,55.564635713751834,1388.71,55269,42002,13267,24.0,39.798806086223905,suburban,208.0,163.0,74.0,44.0,41.0,35.0,"$80,063",7,"$75,000 to $99,999",10896.06
48,San Diego,CA,4227016200000.0,755790500.0,15426556000.0,322939230.0,2597948.0,2597948.0,0.0,0.0,100.0,0.0,0.0,87.65477370735451,4206.63,3095313,2993259,102054,3.3,735.8177448456365,suburban,10.0,21.0,13.0,6.0,9.0,9.0,"$78,777",7,"$75,000 to $99,999",10896.06
49,Santa Barbara,CA,560001370000.0,100128250.0,2043733000.0,42783468.0,344180.0,344180.0,0.0,0.0,100.0,0.0,0.0,73.62472333906354,2735.085,423895,402626,21269,5.0,154.98421438456208,suburban,58.0,64.0,31.0,25.0,23.0,21.0,"$75,646",7,"$75,000 to $99,999",10896.06
50,Santa Cruz,CA,1050714500000.0,69210035.0,1412656600.0,29572528.0,237902.0,237902.0,0.0,0.0,100.0,0.0,0.0,100.0,445.17,262382,230793,31589,12.0,589.3973088932318,suburban,39.0,26.0,370.0,20.0,10.0,57.0,"$84,213",7,"$75,000 to $99,999",10896.06
51,Solano,CA,1325514500000.0,87310969.0,1782117600.0,37306816.0,300122.0,300122.0,0.0,0.0,100.0,0.0,0.0,100.0,821.765,413344,397974,15370,3.7,502.9953818914166,suburban,37.0,27.0,267.0,19.0,11.0,46.0,"$82,808",7,"$75,000 to $99,999",10896.06
52,Sonoma,CA,1675351900000.0,127469330.0,2601795900.0,54465948.0,438162.0,438162.0,0.0,0.0,100.0,0.0,0.0,100.0,1575.849,483878,424102,59776,12.4,307.058607772699,suburban,31.0,41.0,54.0,15.0,16.0,29.0,"$81,002",7,"$75,000 to $99,999",10896.06
53,Ventura,CA,3142118000000.0,206969720.0,4224490700.0,88435410.0,711436.0,711436.0,0.0,0.0,100.0,0.0,0.0,89.39145118856304,1843.132,823318,797593,25725,3.1,446.6948397104279,suburban,19.0,32.0,46.0,10.0,14.0,26.0,"$84,170",7,"$75,000 to $99,999",10896.06
54,Santa Clara,CA,5562641400000.0,423234160.0,8871928700.0,180842330.0,1496123.0,1496123.0,0.0,0.0,100.0,0.0,0.0,91.19585013896692,1290.1,1781642,1762335,19307,1.1,1381.010774358577,urban,9.0,14.0,85.0,5.0,8.0,37.0,"$125,933",9,"$125,000 to $149,999",11924.15
55,Aitkin,MN,103216630000.0,11259298.0,159219300.0,6433884.6,22605.0,0.0,0.0,22605.0,0.0,0.0,100.0,0.0,1821.662,16202,0,16202,100.0,8.89407096702299,rural,189.0,303.0,47.0,50.0,77.0,9.0,"$44,016",5,"$35,000 to $49,999",10068.38
56,Beltrami,MN,205040683000.0,30583339.17,434979743.0,17350276.53,62005.0002,2100.3242,0.0,59904.676,3.4,0.0,96.6,3.3873465045761653,2504.94,44442,14626,29816,67.1,17.74174231718125,rural,122.0,248.0,35.0,28.0,59.0,4.0,"$47,073",5,"$35,000 to $49,999",10068.38
57,Koochiching,MN,65946634000.0,7123274.8,118390379.0,3179757.400000001,18571.0,14856.8,0.0,3714.2,80.0,0.0,20.0,40.0,3104.07,13311,7055,6256,47.0,4.2882409224018785,suburban,237.0,346.0,27.0,65.0,84.0,2.0,"$46,281",5,"$35,000 to $49,999",10068.38
58,Mahnomen,MN,34483166999.999985,2680507.2,46881918.99999999,1078965.7999999996,7551.999999999999,7552.0,0.0,-1.2591975e-12,100.0,0.0,-0.0,0.0,557.878,5413,0,5413,100.0,9.70283825495897,rural,308.0,296.0,347.0,79.0,73.0,59.0,"$43,162",5,"$35,000 to $49,999",10068.38
59,Norman,MN,31137355000.0,4761729.2,67336275.0,2720988.1,9560.0,0.0,0.0,9560.0,0.0,0.0,100.0,0.0,872.789,6852,0,6852,100.0,7.850694726904212,rural,313.0,310.0,247.0,81.0,80.0,26.0,"$48,799",5,"$35,000 to $49,999",10068.38
60,Traverse,MN,23465278000.0,2472513.0,34964149.0,1412864.5,4964.0,0.0,0.0,4964.0,0.0,0.0,100.0,0.0,573.901,3558,0,3558,100.0,6.199664751124757,rural,336.0,326.0,341.0,86.0,81.0,55.0,"$49,773",5,"$35,000 to $49,999",10068.38
61,Wadena,MN,86975014900.0,9487268.71,135263632.4,5365671.23,19313.99969,927.83869,0.0,18386.161,4.8,0.0,95.2,4.803969622341254,536.268,13843,4570,9273,67.0,25.813585744441212,rural,215.0,204.0,353.0,59.0,46.0,64.0,"$46,312",5,"$35,000 to $49,999",10068.38
62,Anoka,MN,1830301200000.0,142276250.0,2843941200.0,57269460.0,461591.0,461591.0,0.0,0.0,100.0,0.0,0.0,85.73410870920878,423.01,330844,286178,44666,13.5,782.1186260372095,urban,27.0,18.0,378.0,4.0,3.0,81.0,"$82,284",7,"$75,000 to $99,999",12022.59
63,Chisago,MN,262738283000.0,29027294.6,499582700.0,18584589.0,75183.0,31120.715,44062.285,0.0,41.4,58.6,0.0,41.393287352294045,414.861,53887,23932,29955,55.6,129.89138556917723,rural,101.0,73.0,380.0,19.0,11.0,82.0,"$82,814",7,"$75,000 to $99,999",12022.59
64,Dakota,MN,2827851700000.0,171393510.0,3425962400.0,68989828.0,556057.0,556057.0,0.0,0.0,100.0,0.0,0.0,100.0,562.168,398552,378900,19652,4.9,708.9553300792645,suburban,20.0,22.0,345.0,3.0,4.0,58.0,"$86,403",7,"$75,000 to $99,999",12022.59
65,Dodge,MN,115786285300.0,13841778.13,195607166.0,8326613.64,28024.9999,2412.9165,6609.1264,19002.957,8.6,23.6,67.8,8.60987156556021,439.276,20087,9689,10398,51.8,45.727515275134536,rural,179.0,145.0,371.0,48.0,28.0,74.0,"$75,955",7,"$75,000 to $99,999",12022.59
66,Hennepin,MN,6375472600000.0,495589640.0,9906276200.0,199486220.0,1607856.0,1607856.0,0.0,0.0,100.0,0.0,0.0,100.0,553.591,1152425,1126784,25641,2.2,2081.7264008988586,urban,6.0,8.0,348.0,1.0,2.0,60.0,"$76,067",7,"$75,000 to $99,999",12022.59
67,Olmsted,MN,1023485800000.0,62032543.0,1239960400.0,24969525.0,201254.0,201254.0,0.0,0.0,100.0,0.0,0.0,94.521433925443,653.349,144248,120313,23935,16.6,220.78246082874543,suburban,41.0,52.0,320.0,7.0,8.0,46.0,"$76,001",7,"$75,000 to $99,999",12022.59
68,Sherburne,MN,349233500000.0,38058097.0,760738300.0,15319259.0,123473.0,123473.0,0.0,0.0,100.0,0.0,0.0,75.9629520452445,432.917,88499,49389,39110,44.2,204.42486666035293,suburban,87.0,55.0,374.0,15.0,9.0,77.0,"$81,850",7,"$75,000 to $99,999",12022.59
69,Wright,MN,884787820000.0,53626183.0,1071926700.0,21585772.0,173981.0,173981.0,0.0,0.0,100.0,0.0,0.0,87.3559223471942,661.457,124700,84163,40537,32.5,188.52321466096814,suburban,45.0,58.0,318.0,9.0,10.0,45.0,"$87,377",7,"$75,000 to $99,999",12022.59
70,Becker,MN,217761581000.0,23973490.0,320803307.0,14289264.2,45348.9999,0.0,6901.7649,38447.235,0.0,15.2,84.8,0.0,1315.203,32504,7973,24531,75.5,24.71405554883923,rural,116.0,210.0,80.0,24.0,48.0,15.0,"$59,440",6,"$50,000 to $74,999",14738.56
71,Benton,MN,175828587000.0,18345408.9,337971506.0,8711115.2,53646.9996,45512.334,8134.6656,0.0,84.8,15.2,0.0,44.836681357279026,408.301,38451,23066,15385,40.0,94.17317126335718,suburban,136.0,90.0,381.0,34.0,14.0,83.0,"$61,341",6,"$50,000 to $74,999",14738.56
72,Big Stone,MN,32581373000.0,3796538.7,51912175.0,2358743.84,7351.0,0.0,2213.8551,5137.1449,0.0,30.1,69.9,0.0,499.022,5269,0,5269,100.0,10.558652724729571,rural,311.0,286.0,360.0,80.0,72.0,67.0,"$51,058",6,"$50,000 to $74,999",14738.56
73,Blue Earth,MN,265569868900.0,28960528.33,553158408.0,12002489.83,89311.0002,87194.28300000001,2116.7172,0.0,97.6,2.4,0.0,57.62994791377109,747.843,64013,46798,17215,26.9,85.59672872952113,suburban,99.0,97.0,290.0,18.0,16.0,34.0,"$58,132",6,"$50,000 to $74,999",14738.56
74,Carlton,MN,214475307000.0,23063670.5,338386516.0,13782245.8,49370.0,11301.223,14218.29,23850.487,22.9,28.8,48.3,22.89087164101985,861.381,35386,15865,19521,55.2,41.08054391726773,rural,118.0,161.0,253.0,26.0,34.0,27.0,"$60,412",6,"$50,000 to $74,999",14738.56
75,Chippewa,MN,69492664200.0,8219518.64,120169090.0,5238938.25,17358.000099999994,2406.3483,7865.5427,7086.1091,13.9,45.3,40.8,13.863050213021582,581.122,12441,6178,6263,50.3,21.40858546054013,rural,229.0,226.0,340.0,63.0,52.0,54.0,"$53,540",6,"$50,000 to $74,999",14738.56
76,Clearwater,MN,50092702000.0,6563917.5,85966827.0,3750810.0,12131.0,0.0,0.0,12131.0,0.0,0.0,100.0,0.0,998.94,8695,0,8695,100.0,8.704226480068872,rural,269.0,306.0,135.0,74.0,79.0,21.0,"$51,475",6,"$50,000 to $74,999",14738.56
77,Cook,MN,30857835500.0,3681041.47,50239083.5,2047613.78,7222.0,1029.9158,0.0,6192.0842,14.3,0.0,85.7,14.26081173738257,1452.277,5176,0,5176,100.0,3.564058371784446,rural,315.0,357.0,68.0,82.0,86.0,12.0,"$54,465",6,"$50,000 to $74,999",14738.56
78,Cottonwood,MN,60027191000.0,7994397.300000002,114724579.0,5434810.4,16306.0,0.0,10135.02,6170.98,0.0,62.2,37.8,0.0,638.61,11687,4409,7278,62.3,18.300684298711264,rural,244.0,246.0,323.0,67.0,57.0,47.0,"$51,788",6,"$50,000 to $74,999",14738.56
79,Crow Wing,MN,410716762000.0,43339125.4,604771814.0,24952972.0,87200.00099999999,13474.028,10739.546,62986.427,15.5,12.3,72.2,15.451866476268771,999.095,62500,23290,39210,62.7,62.55661373543056,rural,75.0,119.0,134.0,12.0,21.0,20.0,"$53,481",6,"$50,000 to $74,999",14738.56
80,Douglas,MN,176613338000.0,24672911.9,348148253.0,14520551.6,50240.0003,7751.9022,9847.8131,32640.285,15.4,19.6,65.0,15.429741702101335,637.3,36009,16983,19026,52.8,56.50243213557195,rural,135.0,126.0,324.0,33.0,24.0,48.0,"$60,979",6,"$50,000 to $74,999",14738.56
81,Faribault,MN,103001281600.0,10883569.3,143782479.9,6326540.069999998,20304.0,0.0,1255.5910000000001,19048.409,0.0,6.2,93.8,0.0,712.476,14553,3257,11296,77.6,20.425951189934814,rural,191.0,233.0,300.0,51.0,55.0,38.0,"$52,560",6,"$50,000 to $74,999",14738.56
82,Fillmore,MN,100568096700.0,14346283.0,201052802.0,8089166.220000002,29111.9999,5551.8853,2248.9556,21311.159,19.1,7.7,73.2,19.070779536006746,861.3,20866,1402,19464,93.3,24.226169743411123,rural,195.0,214.0,254.0,52.0,49.0,28.0,"$58,761",6,"$50,000 to $74,999",14738.56
83,Freeborn,MN,223928750000.0,13997288.0,269226490.0,5634230.1,43607.0,43607.0,0.0,0.0,100.0,0.0,0.0,74.9386887656465,707.087,31255,17868,13387,42.8,44.20248144853462,suburban,114.0,151.0,305.0,23.0,31.0,41.0,"$52,010",6,"$50,000 to $74,999",14738.56
84,Goodhue,MN,266068180000.0001,20682488.000000004,397810900.00000006,8325176.800000004,64434.00000000001,64434.0,1.0485916e-11,0.0,100.0,0.0,0.0,83.99409220159082,756.838,46183,24457,21726,47.0,61.02098467571659,suburban,98.0,123.0,286.0,17.0,23.0,32.0,"$67,039",6,"$50,000 to $74,999",14738.56
85,Grant,MN,37216109000.0,4335997.5,59291634.0,2694174.59,8396.0,0.0,2531.6021,5864.3979,0.0,30.2,69.8,0.0,548.16,6018,0,6018,100.0,10.978546409807356,rural,299.0,284.0,350.0,76.0,71.0,62.0,"$54,917",6,"$50,000 to $74,999",14738.56
86,Hubbard,MN,144398024490.0,15249781.478,201596440.6,8809427.166000001,28500.99974,296.51174,1302.1860000000001,26902.302000000003,1.0,4.6,94.4,1.040355577742986,925.675,20428,3398,17030,83.4,22.068220487752182,rural,153.0,221.0,171.0,39.0,51.0,24.0,"$55,687",6,"$50,000 to $74,999",14738.56
87,Isanti,MN,235166544000.0,22102602.200000007,353794725.0,13764377.4,52761.001,19714.564,25766.958,7279.479,37.4,48.8,13.8,37.365788229127,435.794,37816,14270,23546,62.3,86.77494412497647,rural,107.0,95.0,372.0,21.0,15.0,75.0,"$73,468",6,"$50,000 to $74,999",14738.56
88,Itasca,MN,190753766000.0,33806834.6,445286836.0,19536316.71,62865.0,0.0,2551.0570000000002,60313.943,0.0,4.1,95.9,0.0,2667.722,45058,9285,35773,79.4,16.890065756476872,rural,129.0,252.0,32.0,29.0,61.0,3.0,"$53,143",6,"$50,000 to $74,999",14738.56
89,Kanabec,MN,97102992500.0,11551792.680000003,158933831.4,6963939.89,22657.0002,1326.0785,5085.2777,16245.643999999998,5.9,22.4,71.7,5.852842203410928,521.586,16239,3670,12569,77.4,31.133887796068144,rural,199.0,186.0,356.0,53.0,39.0,66.0,"$56,950",6,"$50,000 to $74,999",14738.56
90,Kandiyohi,MN,302625020000.0,18916416.0,363841950.0,7614292.4,58932.0,58932.0,0.0,0.0,100.0,0.0,0.0,63.664976220606604,796.785,42239,23432,18807,44.5,53.011791135626304,suburban,92.0,133.0,272.0,16.0,27.0,29.0,"$60,579",6,"$50,000 to $74,999",14738.56
91,Kittson,MN,27069569500.0,3367816.93,44937998.6,1996238.28,6351.00004,0.0,839.3952400000001,5511.6048,0.0,13.2,86.8,0.0,1098.803,4552,0,4552,100.0,4.142686047739179,rural,325.0,350.0,106.0,83.0,85.0,18.0,"$54,438",6,"$50,000 to $74,999",14738.56
92,Lac qui Parle,MN,34848549770.0,5120276.306,71277855.9,3246876.924,10127.99995,194.63085,3877.6837,6055.6854,1.9,38.3,59.8,1.921710563642926,765.021,7259,0,7259,100.0,9.488628416736272,rural,306.0,298.0,284.0,78.0,74.0,30.0,"$52,445",6,"$50,000 to $74,999",14738.56
93,Lake of the Woods,MN,23585641100.0,2992665.6989999996,39742574.3,1695013.2950000004,5644.00002,278.17092,0.0,5365.8291,4.9,0.0,95.1,0.0,1297.869,4045,0,4045,100.0,3.1166473657973186,rural,334.0,363.0,83.0,85.0,87.0,16.0,"$52,058",6,"$50,000 to $74,999",14738.56
94,Le Sueur,MN,142842975000.0,17362337.299999993,264758822.0,11338910.0,38650.9997,8074.7562,21699.132999999998,8877.1105,20.9,56.1,23.0,20.891454723343642,448.76,27703,10483,17220,62.2,61.73232908458865,rural,155.0,121.0,367.0,40.0,22.0,72.0,"$67,269",6,"$50,000 to $74,999",14738.56
95,Lincoln,MN,26918784900.0,4350572.43,58193481.7,2591052.8,8226.0,0.0,1228.1479,6997.8521,0.0,14.9,85.1,0.0,536.757,5896,0,5896,100.0,10.984486462216609,rural,326.0,283.0,352.0,84.0,70.0,63.0,"$51,305",6,"$50,000 to $74,999",14738.56
96,Lyon,MN,183595048500.0,11808371.53,224102547.0,5022431.08,36076.0002,34424.806000000004,1651.1942,0.0,95.4,4.6,0.0,55.423011947344186,714.559,25857,13464,12393,47.9,36.18595525352001,suburban,130.0,176.0,298.0,30.0,36.0,37.0,"$57,690",6,"$50,000 to $74,999",14738.56
97,McLeod,MN,179260932000.0,23210085.7,352516360.0,15709924.2,51134.9997,7791.2495,33559.097,9784.6532,15.2,65.6,19.1,68.08639834499806,491.471,36651,19588,17063,46.6,74.57408473745144,suburban,133.0,104.0,362.0,32.0,19.0,69.0,"$61,959",6,"$50,000 to $74,999",14738.56
98,Marshall,MN,54267312580.0,7117857.2,93314948.1,4075408.5939999996,13169.000223,0.0,94.284223,13074.716,0.0,0.7,99.3,0.0,1775.068,9439,0,9439,100.0,5.317542764558879,rural,256.0,332.0,49.0,69.0,82.0,10.0,"$58,105",6,"$50,000 to $74,999",14738.56
99,Meeker,MN,142206493500.0,16281123.56,227614359.0,10078021.53,32508.0001,2088.6291,10382.693000000001,20036.678,6.4,31.9,61.6,6.424969539762776,608.178,23300,8034,15266,65.5,38.31115232711476,rural,157.0,165.0,331.0,41.0,35.0,52.0,"$66,557",6,"$50,000 to $74,999",14738.56
100,Mille Lacs,MN,134299239000.0,17551630.5,253046369.0,11117125.98,36409.9992,4079.7232,15307.043,17023.233,11.2,42.0,46.8,11.204952402281663,572.31,26097,7614,18483,70.8,45.59941290559313,rural,169.0,146.0,342.0,44.0,29.0,56.0,"$53,289",6,"$50,000 to $74,999",14738.56
101,Morrison,MN,227741226600.0,24204941.48,326794253.1,14488364.81,46317.99989,841.9313900000001,8217.3665,37258.702000000005,1.8,17.7,80.4,1.8177196650473737,1125.062,33198,9024,24174,72.8,29.507707130807017,rural,112.0,190.0,102.0,22.0,41.0,17.0,"$57,471",6,"$50,000 to $74,999",14738.56
102,Mower,MN,163389608200.0,17824871.84,339061844.0,7512222.689999999,54639.9999,52571.78,2068.2199,0.0,96.2,3.8,0.0,56.21482449723118,711.329,39163,25103,14060,35.9,55.056099217099266,suburban,143.0,129.0,302.0,36.0,26.0,40.0,"$53,387",6,"$50,000 to $74,999",14738.56
103,Murray,MN,55644116700.0,6330295.1,86008113.0,3885425.1,12173.0,0.0,3135.6907,9037.3093,0.0,25.8,74.2,0.0,704.702,8725,0,8725,100.0,12.381119962764403,rural,253.0,278.0,306.0,68.0,69.0,42.0,"$59,938",6,"$50,000 to $74,999",14738.56
104,Nicollet,MN,134490750000.0,14656275.0,281901570.0,5899487.4,45660.0,45660.0,0.0,0.0,100.0,0.0,0.0,69.40709376635016,448.494,32727,24358,8369,25.6,72.97087586456006,suburban,167.0,106.0,368.0,43.0,20.0,73.0,"$66,209",6,"$50,000 to $74,999",14738.56
105,Nobles,MN,89482470100.0,9764310.03,185287936.1,4154981.07,29826.0003,28448.696,1377.3043,0.0,95.4,4.6,0.0,55.38220247778135,715.106,21378,12616,8762,41.0,29.89486873274731,suburban,211.0,187.0,297.0,56.0,40.0,36.0,"$55,766",6,"$50,000 to $74,999",14738.56
106,Otter Tail,MN,252750677000.0,42067227.1,565369770.0,25285207.5,79949.0,0.0,14581.698999999999,65367.301,0.0,18.2,81.8,0.0,1972.068,57303,15134,42169,73.6,29.057314453659814,rural,104.0,193.0,43.0,20.0,43.0,7.0,"$53,778",6,"$50,000 to $74,999",14738.56
107,Pennington,MN,91290498000.0,7093911.0,123537622.0,3210704.9,19435.0,15548.0,0.0,3887.0,80.0,0.0,20.0,40.0,616.57,13930,8883,5047,36.2,22.59273075238821,suburban,207.0,218.0,329.0,54.0,50.0,50.0,"$57,494",6,"$50,000 to $74,999",14738.56
108,Pine,MN,174153443000.0,19965637.5,285229475.0,11380563.6,41507.0002,9268.1844,5544.9718,26693.843999999997,22.3,13.4,64.3,22.329208202573128,1411.289,29750,3183,26567,89.3,21.08001975498994,rural,138.0,229.0,70.0,35.0,53.0,13.0,"$50,387",6,"$50,000 to $74,999",14738.56
109,Pipestone,MN,53681848000.0,6098425.2,91516952.0,3774549.59,13388.0,3194.1905,5413.9446,4779.8649,23.9,40.4,35.7,23.85860882156148,465.055,9596,4098,5498,57.3,20.63411854511832,rural,258.0,232.0,366.0,71.0,54.0,71.0,"$55,378",6,"$50,000 to $74,999",14738.56
110,Pope,MN,51241589752.0,7881691.956799999,108286627.33700001,4940646.256519999,15340.0000012,3.3757012000000004,5110.9423,10225.681999999999,0.0,33.3,66.7,0.02200587473493809,669.713,10995,0,10995,100.0,16.417480323661028,rural,267.0,255.0,315.0,73.0,62.0,44.0,"$60,975",6,"$50,000 to $74,999",14738.56
111,Ramsey,MN,3644168600000.001,227788870.0000001,4381334400.000001,91690257.00000006,709651.0000000001,709651.0,1.6777465e-10,0.0,100.0,0.0,0.0,100.0,152.212,508640,507688,952,0.2,3341.6550600478276,urban,15.0,3.0,397.0,2.0,1.0,87.0,"$62,937",6,"$50,000 to $74,999",14738.56
112,Red Lake,MN,18483007900.0,2970948.68,40312766.9,1818955.11,5705.0,0.0,1418.3006,4286.6994,0.0,24.9,75.1,0.0,432.407,4089,0,4089,100.0,9.456368652681386,rural,348.0,299.0,375.0,87.0,75.0,78.0,"$54,412",6,"$50,000 to $74,999",14738.56
113,Redwood,MN,87452795000.0,10409496.8,154731846.0,6784123.84,22404.9997,3362.4766,11907.553,7134.9701,15.0,53.1,31.8,15.007706174622571,878.572,16059,4958,11101,69.1,18.278524696894507,rural,213.0,247.0,241.0,58.0,58.0,25.0,"$56,760",6,"$50,000 to $74,999",14738.56
114,Renville,MN,83133503000.0,10104880.4,151224580.0,6587460.35,21946.0005,3648.8052,11824.829,6472.3663,16.6,53.9,29.5,16.62628831541507,982.906,15730,0,15730,100.0,16.003564939068436,rural,218.0,257.0,143.0,60.0,64.0,22.0,"$59,787",6,"$50,000 to $74,999",14738.56
115,Rice,MN,457928273100.0,28827297.82,553118348.8,11724073.61,89490.00008000001,88751.604,738.39608,0.0,99.2,0.8,0.0,59.17488425543775,495.684,64142,47507,16635,25.9,129.40098933998271,suburban,71.0,76.0,361.0,11.0,12.0,68.0,"$67,024",6,"$50,000 to $74,999",14738.56
116,Rock,MN,60390847000.0,6493769.08,93531362.0,3982393.36,13515.0,2056.6026,4481.3175,6977.0799,15.2,33.2,51.6,15.217185562376981,482.455,9687,4620,5067,52.3,20.07855654931548,rural,242.0,236.0,364.0,66.0,56.0,70.0,"$63,503",6,"$50,000 to $74,999",14738.56
117,Roseau,MN,90039680000.0,11798386.0,154522020.0,6741934.9,21805.0,0.0,0.0,21805.0,0.0,0.0,100.0,0.0,1671.602,15629,2763,12866,82.3,9.349713628004752,rural,210.0,300.0,52.0,55.0,76.0,11.0,"$60,239",6,"$50,000 to $74,999",14738.56
118,St. Louis,MN,1404401254000.0,148573350.6,1971546730.0,85329420.5,279353.9997,7979.0087,10092.581,261282.41,2.9,3.6,93.5,50.77107653156489,6247.401,200226,125913,74313,37.1,32.049487458864895,suburban,35.0,184.0,6.0,6.0,38.0,1.0,"$53,833",6,"$50,000 to $74,999",14738.56
119,Sibley,MN,109086119999.99997,6818730.599999999,131152760.0,2744695.799999999,21243.0,21243.0,-2.7974349999999998e-12,0.0,100.0,-0.0,0.0,2.856235698719161,588.779,15226,0,15226,100.0,25.860297327180486,rural,182.0,201.0,337.0,49.0,45.0,53.0,"$66,209",6,"$50,000 to $74,999",14738.56
120,Stearns,MN,892110280000.0,70796417.0,1317621700.0,32426151.4,210174.996,186083.92,24091.076,0.0,88.5,11.5,0.0,48.5376111632091,1343.132,150642,95005,55637,36.9,112.15717281907304,suburban,44.0,80.0,77.0,8.0,13.0,14.0,"$60,843",6,"$50,000 to $74,999",14738.56
121,Steele,MN,150310940000.0,16380297.0,315061740.0,6593446.0,51031.0,51031.0,0.0,0.0,100.0,0.0,0.0,74.63713976427329,429.645,36576,25394,11182,30.6,85.13074747756869,suburban,149.0,98.0,376.0,37.0,17.0,79.0,"$65,323",6,"$50,000 to $74,999",14738.56
122,Stevens,MN,69684068000.0,4355796.0,83780208.0,1753308.0,13570.0,13570.0,0.0,0.0,100.0,0.0,0.0,63.06705002301662,563.604,9726,5123,4603,47.3,17.256797325781932,suburban,228.0,249.0,344.0,62.0,60.0,57.0,"$61,929",6,"$50,000 to $74,999",14738.56
123,Swift,MN,65992512000.0,7052276.3,96391186.0,4378166.5,13649.0,0.0,4073.4337,9575.5663,0.0,29.8,70.2,0.0,742.083,9783,3191,6592,67.4,13.183161452290376,rural,236.0,273.0,292.0,64.0,68.0,35.0,"$51,552",6,"$50,000 to $74,999",14738.56
124,Todd,MN,138195096000.0,17674703.34,243205637.0,10525692.96,34732.9998,2617.0504,6640.0464,25475.903,7.5,19.1,73.3,7.5347664950346624,944.982,24895,5380,19515,78.4,26.344417142337104,rural,161.0,198.0,154.0,42.0,44.0,23.0,"$58,113",6,"$50,000 to $74,999",14738.56
125,Wabasha,MN,117245545000.0,13476887.9,205781470.0,8402589.399999999,30241.9997,8148.6558,13371.354,8721.9899,26.9,44.2,28.8,26.94483112177849,522.982,21676,7686,13990,64.5,41.446933164047714,rural,176.0,160.0,355.0,47.0,33.0,65.0,"$63,633",6,"$50,000 to $74,999",14738.56
126,Waseca,MN,118811080000.0,12959585.5,187710128.0,8960031.0,26698.0003,0.0,18181.092,8516.9083,0.0,68.1,31.9,0.0,423.356,19136,9537,9599,50.2,45.20072940976389,rural,175.0,148.0,377.0,46.0,30.0,80.0,"$58,335",6,"$50,000 to $74,999",14738.56
127,Watonwan,MN,72045757000.0,7857749.5,110241750.0,5123874.3,15642.0,0.0,7411.732,8230.268,0.0,47.4,52.6,0.0,434.946,11211,4585,6626,59.1,25.775554262933188,rural,224.0,205.0,373.0,61.0,47.0,76.0,"$51,962",6,"$50,000 to $74,999",14738.56
128,Wilkin,MN,36424942000.0,4863539.16,64918084.4,2884724.81,9175.0,0.0,1234.5591,7940.4409,0.0,13.5,86.5,0.0,750.957,6576,3279,3297,50.1,8.7568262896544,rural,300.0,305.0,287.0,77.0,78.0,33.0,"$61,387",6,"$50,000 to $74,999",14738.56
129,Winona,MN,214743666000.0,23427668.6,445566428.0,9879816.93,71797.99969999999,69040.94900000001,2757.0507,0.0,96.2,3.8,0.0,56.15998960165409,626.206,51461,33689,17772,34.5,82.1790273488277,suburban,117.0,101.0,328.0,25.0,18.0,49.0,"$56,076",6,"$50,000 to $74,999",14738.56
130,Yellow Medicine,MN,53904179100.0,7100187.862000001,102226657.2,4792604.146000001,14562.99998,281.56127999999995,8778.7767,5502.661999999999,1.9,60.3,37.8,1.9334016478359015,759.101,10438,2002,8436,80.8,13.750475891877363,rural,257.0,272.0,285.0,70.0,67.0,31.0,"$56,528",6,"$50,000 to $74,999",14738.56
131,Carver,MN,381831630000.0,41610513.0,785056950.0,16749188.0,127021.0,127021.0,0.0,0.0,100.0,0.0,0.0,60.132290179016394,354.325,91042,73901,17141,18.8,256.94489522331196,suburban,82.0,45.0,387.0,14.0,7.0,86.0,"$104,248",8,"$100,000 to $124,999",13134.35
132,Scott,MN,743721188000.0,61745561.2,1134323060.0,27638531.7,181275.00100000002,164545.27,16729.731,0.0,90.8,9.2,0.0,100.0,356.476,129928,107529,22399,17.2,364.478955104972,suburban,50.0,37.0,386.0,10.0,6.0,85.0,"$101,427",8,"$100,000 to $124,999",13134.35
133,Anderson,TX,203286679000.0,15512755.3,336311335.0,11652843.87,49759.0004,5115.5414,0.0,44643.459,10.3,0.0,89.7,10.280635446434372,1062.601,58458,19254,39204,67.1,55.01401277242091,rural,123.0,130.0,113.0,60.0,68.0,56.0,"$45,969",5,"$35,000 to $49,999",11466.85
134,Angelina,TX,334962275000.0,18360193.5,482023076.0,11174285.3,82085.9998,76917.902,0.0,5168.0978,93.7,0.0,6.3,53.7040447657026,797.778,86771,49388,37383,43.1,108.76584714043256,suburban,89.0,82.0,271.0,42.0,41.0,197.0,"$46,653",5,"$35,000 to $49,999",11466.85
135,Aransas,TX,69001577000.0,5642795.7,150942500.0,3347074.3,26001.0,26001.0,0.0,-3.0295537e-13,100.0,0.0,-0.0,62.651508800729474,252.074,23158,16845,6313,27.3,91.86984774312305,suburban,231.0,92.0,392.0,122.0,46.0,249.0,"$46,912",5,"$35,000 to $49,999",11466.85
136,Bailey,TX,26700613400.0,1557914.7999999996,39368575.8,995933.56,6542.0,5233.6,0.0,1308.4,80.0,0.0,20.0,40.0,826.797,7165,5105,2060,28.8,8.66597242128358,suburban,328.0,307.0,266.0,192.0,179.0,193.0,"$45,051",5,"$35,000 to $49,999",11466.85
137,Baylor,TX,17251356000.0,1364008.6,29038190.0,1041227.9,4228.0,0.0,0.0,4228.0,0.0,0.0,100.0,0.0,867.482,3726,0,3726,100.0,4.29518998665102,rural,355.0,345.0,249.0,213.0,208.0,178.0,"$41,180",5,"$35,000 to $49,999",11466.85
138,Bee,TX,69475100000.0,5627020.5,142195055.0,3597204.8,23629.0,18903.2,0.0,4725.8,80.0,0.0,20.0,40.0,880.238,31861,18168,13693,43.0,36.19585135400727,suburban,230.0,175.0,240.0,121.0,98.0,171.0,"$41,806",5,"$35,000 to $49,999",11466.85
139,Bosque,TX,95579423800.0,7550235.66,161324782.9,5745185.0370000005,23566.00002,496.88802000000004,0.0,23069.112,2.1,0.0,97.9,2.1084953764250534,982.978,18212,3421,14791,81.2,18.52737294222251,rural,204.0,245.0,142.0,109.0,141.0,79.0,"$48,460",5,"$35,000 to $49,999",11466.85
140,Bowie,TX,339040764000.0,19817468.4,512557646.0,12301956.0,86468.0001,76505.133,0.0,9962.8671,88.5,0.0,11.5,48.477972045027144,885.006,92565,59774,32791,35.4,104.59251123721194,suburban,88.0,84.0,235.0,41.0,42.0,166.0,"$47,339",5,"$35,000 to $49,999",11466.85
141,Brewster,TX,40928773900.0,2568344.66,64902184.0,1641874.56,10785.0,8628.0,0.0,2157.0,80.0,0.0,20.0,40.0,6183.733,9232,6013,3219,34.9,1.4929493236528808,suburban,293.0,382.0,7.0,167.0,237.0,1.0,"$45,670",5,"$35,000 to $49,999",11466.85
142,Briscoe,TX,7960594900.0,629418.34,13399600.0,480472.02,1951.0,0.0,0.0,1951.0,0.0,0.0,100.0,0.0,900.001,1637,0,1637,100.0,1.81888686790348,rural,379.0,376.0,216.0,235.0,232.0,147.0,"$44,409",5,"$35,000 to $49,999",11466.85
143,Cameron,TX,857721894000.0,70115187.28,1871188626.0,41725472.53,321873.0036,319395.68,0.0,2477.3236,99.2,0.0,0.8,59.23034128389543,890.922,406220,372013,34207,8.4,455.9546178004359,suburban,47.0,31.0,228.0,16.0,13.0,159.0,"$38,106",5,"$35,000 to $49,999",11466.85
144,Camp,TX,72079224160.0,5692403.486000001,121399613.4,4338650.5430000005,17703.99974,181.27074,0.0,17522.729,1.0,0.0,99.0,1.0238971112936899,195.826,12401,4777,7624,61.5,63.32662669921257,rural,223.0,118.0,395.0,118.0,62.0,252.0,"$43,714",5,"$35,000 to $49,999",11466.85
145,Castro,TX,29990041200.0,1879642.49,47498650.0,1201605.57,7893.0,6314.4,0.0,1578.6,80.0,0.0,20.0,40.0,894.434,8062,4373,3689,45.8,9.013521400125667,suburban,319.0,301.0,225.0,185.0,176.0,156.0,"$45,689",5,"$35,000 to $49,999",11466.85
146,Cherokee,TX,201718480000.0,15926768.0,339062770.0,12157838.0,49368.0,0.0,0.0,49368.0,0.0,0.0,100.0,0.0,1052.913,50845,18788,32057,63.0,48.28983971135317,rural,125.0,138.0,116.0,61.0,74.0,59.0,"$43,483",5,"$35,000 to $49,999",11466.85
147,Childress,TX,17419401600.0,1421352.103,37516071.0,858812.5009999999,6409.99999,6123.6174,0.0,286.38259,95.5,0.0,4.5,55.53225284102218,696.405,7041,4707,2334,33.1,10.110496047558533,suburban,353.0,289.0,310.0,211.0,168.0,216.0,"$42,291",5,"$35,000 to $49,999",11466.85
148,Cochran,TX,12021062000.0,949128.02,20205855.0,724525.21,2942.0,0.0,0.0,2942.0,0.0,0.0,100.0,0.0,775.15,3127,0,3127,100.0,4.034057924272721,rural,367.0,351.0,280.0,224.0,212.0,204.0,"$42,873",5,"$35,000 to $49,999",11466.85
149,Coke,TX,12300385000.0,1495312.2,31833494.0,1141459.7,4635.0,0.0,0.0,4635.0,0.0,0.0,100.0,0.0,911.47,3320,0,3320,100.0,3.6424676621282104,rural,366.0,356.0,191.0,223.0,217.0,122.0,"$44,804",5,"$35,000 to $49,999",11466.85
150,Coleman,TX,44492637000.0,3512935.1,74786390.0,2681629.8,10889.0,0.0,0.0,10889.0,0.0,0.0,100.0,0.0,1261.946,8895,4310,4585,51.5,7.048637580371901,rural,279.0,318.0,87.0,156.0,186.0,34.0,"$39,484",5,"$35,000 to $49,999",11466.85
151,Collingsworth,TX,13360694310.0,1056932.615,22590832.27,804015.5537,3300.999987,75.892287,0.0,3225.1077,2.3,0.0,97.7,2.2990695979993765,918.441,3057,0,3057,100.0,3.328466390328829,rural,365.0,360.0,180.0,222.0,219.0,111.0,"$39,536",5,"$35,000 to $49,999",11466.85
152,Colorado,TX,113511462000.0,9005115.299999999,198475881.0,6663213.33,29781.9996,5710.2516,0.0,24071.748,19.2,0.0,80.8,19.17349948498323,960.273,20874,7804,13070,62.6,21.73754574215276,rural,181.0,224.0,147.0,93.0,128.0,82.0,"$48,258",5,"$35,000 to $49,999",11466.85
153,Concho,TX,9134396000.0,1110434.6,23639889.0,847660.02,3442.0,0.0,0.0,3442.0,0.0,0.0,100.0,0.0,983.799,4087,0,4087,100.0,4.15430387711311,rural,375.0,348.0,141.0,231.0,210.0,78.0,"$40,987",5,"$35,000 to $49,999",11466.85
154,Coryell,TX,171875996000.0,13967868.8,359656686.0,8720835.1,60501.0003,52566.560999999994,0.0,7934.4393,86.9,0.0,13.1,46.885441131961,1052.066,75388,60745,14643,19.4,71.65710136056103,suburban,140.0,109.0,117.0,68.0,55.0,60.0,"$48,099",5,"$35,000 to $49,999",11466.85
155,Cottle,TX,4309778900.0,523923.83,11153742.0,399941.86,1624.0,0.0,0.0,1624.0,0.0,0.0,100.0,0.0,900.563,1505,0,1505,100.0,1.6711768082854837,rural,392.0,378.0,211.0,248.0,234.0,142.0,"$38,304",5,"$35,000 to $49,999",11466.85
156,Crockett,TX,22891300000.0,1310867.59,33503703.7,826220.75,5609.00003,4722.6569,0.0,886.3431300000001,84.2,0.0,15.8,44.19784042046717,2807.327,3719,2873,846,22.7,1.3247477048452139,suburban,338.0,385.0,30.0,198.0,240.0,8.0,"$49,117",5,"$35,000 to $49,999",11466.85
157,Crosby,TX,15009920000.0,1824700.2,38845791.0,1392900.9,5656.0,0.0,0.0,5656.0,0.0,0.0,100.0,0.0,900.198,6059,0,6059,100.0,6.73074145910122,rural,361.0,319.0,215.0,219.0,187.0,146.0,"$37,911",5,"$35,000 to $49,999",11466.85
158,Culberson,TX,6026537570.0,714015.609,15279423.2,542592.6871,2235.00001,66.52920999999999,0.0,2168.4708,3.0,0.0,97.0,2.976698417270844,3812.798,2398,0,2398,100.0,0.6289344465665373,rural,386.0,394.0,18.0,242.0,249.0,5.0,"$42,164",5,"$35,000 to $49,999",11466.85
159,Dawson,TX,43319606300.0,2718373.12,68693411.0,1737783.83,11415.0,9132.0,0.0,2283.0,80.0,0.0,20.0,40.0,900.306,13833,11579,2254,16.3,15.364775976168103,suburban,285.0,261.0,212.0,160.0,149.0,143.0,"$43,726",5,"$35,000 to $49,999",11466.85
160,Deaf Smith,TX,55172601000.0,6707128.3,142787130.0,5119945.3,20790.0,0.0,0.0,20790.0,0.0,0.0,100.0,40.0,1496.868,19372,15941,3431,17.7,12.941688913117256,suburban,255.0,274.0,62.0,140.0,158.0,22.0,"$44,230",5,"$35,000 to $49,999",11466.85
161,Delta,TX,17353229000.0,1419108.5,37960579.0,841756.82,6539.0,6539.0,0.0,0.0,100.0,0.0,0.0,0.0,256.825,5231,0,5231,100.0,20.36795483305753,rural,354.0,234.0,391.0,212.0,132.0,248.0,"$44,410",5,"$35,000 to $49,999",11466.85
162,DeWitt,TX,74946901000.0,6070199.9,153394219.0,3880517.7,25490.0,20392.0,0.0,5098.0,80.0,0.0,20.0,40.0,908.975,20097,10124,9973,49.6,22.109518963667867,suburban,220.0,220.0,196.0,115.0,125.0,127.0,"$49,208",5,"$35,000 to $49,999",11466.85
163,Dickens,TX,11065676000.0,874926.98,18626200.0,667883.2,2712.0,0.0,0.0,2712.0,0.0,0.0,100.0,0.0,901.723,2444,0,2444,100.0,2.7103637033061116,rural,371.0,366.0,209.0,228.0,224.0,140.0,"$39,627",5,"$35,000 to $49,999",11466.85
164,Dimmit,TX,45126013500.0,2831728.0,71557893.0,1810248.6,11891.0,9512.8,0.0,2378.2,80.0,0.0,20.0,40.0,1328.884,9996,6050,3946,39.5,7.522101251877515,suburban,278.0,315.0,78.0,155.0,184.0,29.0,"$37,177",5,"$35,000 to $49,999",11466.85
165,Donley,TX,9052128000.0,1100433.6,23426979.0,840025.66,3411.0,0.0,0.0,3411.0,0.0,0.0,100.0,0.0,926.886,3677,0,3677,100.0,3.9670466486709257,rural,376.0,352.0,168.0,232.0,213.0,100.0,"$40,945",5,"$35,000 to $49,999",11466.85
166,Duval,TX,48006612000.0,3790382.4,80692928.0,2893421.7,11749.0,0.0,0.0,11749.0,0.0,0.0,100.0,0.0,1793.481,11782,3883,7899,67.0,6.569347542572238,rural,271.0,323.0,48.0,149.0,191.0,13.0,"$35,156",5,"$35,000 to $49,999",11466.85
167,Eastland,TX,73723766000.0,7325531.5,162904781.0,5375311.95,24626.9997,5866.6357,0.0,18760.363999999998,23.8,0.0,76.2,23.821966679949664,926.491,18583,7369,11214,60.3,20.057399370312282,rural,221.0,237.0,169.0,116.0,134.0,101.0,"$44,773",5,"$35,000 to $49,999",11466.85
168,Edwards,TX,7780955500.0,945901.89,20137175.0,722062.51,2932.0,0.0,0.0,2932.0,0.0,0.0,100.0,0.0,2117.857,2002,0,2002,100.0,0.945294727030802,rural,380.0,390.0,40.0,236.0,245.0,12.0,"$37,812",5,"$35,000 to $49,999",11466.85
169,El Paso,TX,1790331000000.0,146409290.0,3916389300.0,86843970.0,674628.0,674628.0,0.0,0.0,100.0,0.0,0.0,54.28698472199976,1012.693,800647,783238,17409,2.2,790.6117648685239,urban,28.0,17.0,130.0,11.0,7.0,70.0,"$43,948",5,"$35,000 to $49,999",11466.85
170,Erath,TX,163994540000.0,10125409.2,257127260.0,6433704.9,42866.0002,35076.192,0.0,7789.8082,81.8,0.0,18.2,41.82753660860389,1083.071,37890,20339,17551,46.3,34.98385609069027,suburban,142.0,178.0,109.0,69.0,100.0,52.0,"$47,087",5,"$35,000 to $49,999",11466.85
171,Falls,TX,73123357000.0,5773485.7,122910940.0,4407241.0,17896.0,0.0,0.0,17896.0,0.0,0.0,100.0,0.0,765.483,17866,5832,12034,67.4,23.339512438551868,rural,222.0,217.0,283.0,117.0,123.0,207.0,"$37,428",5,"$35,000 to $49,999",11466.85
172,Fisher,TX,18531109165.0,1465366.4872,31224307.79,1117717.6296,4550.000033,23.899333,0.0,4526.1007,0.5,0.0,99.5,0.5252600738481101,898.941,3974,0,3974,100.0,4.420757313327571,rural,347.0,341.0,220.0,206.0,205.0,151.0,"$45,261",5,"$35,000 to $49,999",11466.85
173,Floyd,TX,28047734000.0,2217643.1,47211098.0,1692857.3,6874.0,0.0,0.0,6874.0,0.0,0.0,100.0,0.0,992.143,6446,3009,3437,53.3,6.497047300641137,rural,323.0,325.0,138.0,189.0,193.0,75.0,"$39,891",5,"$35,000 to $49,999",11466.85
174,Foard,TX,4476968600.0,544248.46,11586430.0,415456.84,1687.0,0.0,0.0,1687.0,0.0,0.0,100.0,0.0,704.396,1336,0,1336,100.0,1.8966577086500938,rural,390.0,374.0,307.0,246.0,231.0,214.0,"$37,648",5,"$35,000 to $49,999",11466.85
175,Franklin,TX,52611553000.0,4153967.5,88433240.0,3170967.6,12876.0,0.0,0.0,12876.0,0.0,0.0,100.0,0.0,284.39,10605,3274,7331,69.1,37.290209605789215,rural,262.0,171.0,389.0,144.0,94.0,246.0,"$48,222",5,"$35,000 to $49,999",11466.85
176,Freestone,TX,95939246000.0,7585604.0,161488880.0,5790537.5,23513.0,0.0,0.0,23513.0,0.0,0.0,100.0,0.0,877.738,19816,6643,13173,66.5,22.576187226498995,rural,203.0,219.0,243.0,108.0,124.0,173.0,"$49,317",5,"$35,000 to $49,999",11466.85
177,Frio,TX,45265027000.0,3667600.96,92680439.0,2344599.97,15401.0,12320.8,0.0,3080.2,80.0,0.0,20.0,40.0,1133.5,17217,13398,3819,22.2,15.189236876929863,suburban,276.0,262.0,101.0,153.0,150.0,46.0,"$41,038",5,"$35,000 to $49,999",11466.85
178,Garza,TX,14104724300.0,1142835.98,28879516.4,730584.72,4799.0,3839.2,0.0,959.8,80.0,0.0,20.0,40.0,893.411,6461,5018,1443,22.3,7.231825854141203,suburban,363.0,316.0,226.0,220.0,185.0,157.0,"$46,490",5,"$35,000 to $49,999",11466.85
179,Gonzales,TX,103102380680.0,8141881.52,173551225.0,6208324.864,25297.99996,185.49996000000002,0.0,25112.5,0.7,0.0,99.3,0.7332593892632964,1066.688,19807,6877,12930,65.3,18.568691126177473,rural,190.0,244.0,111.0,100.0,140.0,54.0,"$49,829",5,"$35,000 to $49,999",11466.85
180,Gray,TX,66717149000.0,5403644.8,136550345.0,3454406.7,22691.0,18152.8,0.0,4538.2,80.0,0.0,20.0,40.0,925.973,22535,18166,4369,19.4,24.336536447027672,suburban,234.0,213.0,170.0,125.0,120.0,102.0,"$49,121",5,"$35,000 to $49,999",11466.85
181,Grimes,TX,99687814000.0,10958738.97,238213793.0,8212268.0,35326.000100000005,4147.0861,0.0,31178.914,11.7,0.0,88.3,11.739472521535111,787.459,26604,8273,18331,68.9,33.784616087948706,rural,196.0,181.0,276.0,104.0,102.0,200.0,"$49,498",5,"$35,000 to $49,999",11466.85
182,Hale,TX,107379773000.0,6730087.1,170069602.0,4302366.0,28261.0,22608.8,0.0,5652.2,80.0,0.0,20.0,40.0,1004.683,36273,27894,8379,23.1,36.10392531773704,suburban,184.0,177.0,133.0,95.0,99.0,72.0,"$42,782",5,"$35,000 to $49,999",11466.85
183,Hamilton,TX,45934134800.0,3638846.4,78617295.3,2741889.94,11596.99964,970.71564,0.0,10626.284,8.4,0.0,91.6,8.370403003073495,835.914,8517,3034,5483,64.4,10.188847178058987,rural,272.0,288.0,263.0,150.0,167.0,190.0,"$49,210",5,"$35,000 to $49,999",11466.85
184,Hardeman,TX,10325954000.0,1255287.9,26723652.0,958235.07,3891.0,0.0,0.0,3891.0,0.0,0.0,100.0,0.0,695.113,4139,0,4139,100.0,5.954418987389119,rural,373.0,328.0,311.0,229.0,195.0,217.0,"$42,469",5,"$35,000 to $49,999",11466.85
185,Haskell,TX,23676285700.0,1381452.73,34909371.2,883126.05,5801.0,4640.8,0.0,1160.2,80.0,0.0,20.0,40.0,903.131,5899,3090,2809,47.6,6.531721311747686,suburban,333.0,324.0,205.0,195.0,192.0,136.0,"$40,880",5,"$35,000 to $49,999",11466.85
186,Henderson,TX,366515271000.0,29036291.5,627558662.0,21871846.3,92602.0,7939.469,0.0,84662.531,8.6,0.0,91.4,8.573755418483303,873.748,78532,31326,47206,60.1,89.87946181278812,rural,84.0,94.0,246.0,38.0,47.0,176.0,"$43,337",5,"$35,000 to $49,999",11466.85
187,Hidalgo,TX,2547779143000.0,140779532.2,3712862000.0,85154459.8,634068.003,604021.24,0.0,30046.763,95.3,0.0,4.7,55.26127118375076,1570.865,774773,734956,39813,5.1,493.214248200832,suburban,23.0,28.0,55.0,9.0,12.0,15.0,"$38,785",5,"$35,000 to $49,999",11466.85
188,Hill,TX,173759058000.0,13756544.4,298766844.0,10317111.84,44271.9999,4983.2559,0.0,39288.744,11.3,0.0,88.7,11.2559991508067,958.863,35089,8328,26761,76.3,36.59434497488695,rural,139.0,173.0,148.0,67.0,96.0,83.0,"$48,670",5,"$35,000 to $49,999",11466.85
189,Hockley,TX,100840706000.0,6320247.3,159712934.0,4040366.4,26540.0,21232.0,0.0,5308.0,80.0,0.0,20.0,40.0,908.391,22935,13796,9139,39.8,25.24791059366441,suburban,194.0,206.0,197.0,103.0,116.0,128.0,"$46,764",5,"$35,000 to $49,999",11466.85
190,Hudspeth,TX,9779557156.0,1183617.8191,25220162.28,902830.4720000001,3674.999972,18.805072,0.0,3656.1949,0.5,0.0,99.5,0.5117026329945296,4570.983,3476,0,3476,100.0,0.7604491200251674,rural,374.0,392.0,11.0,230.0,247.0,3.0,"$42,671",5,"$35,000 to $49,999",11466.85
191,Jack,TX,45213405000.0,3574876.8,76105059.0,2728913.6,11081.0,0.0,0.0,11081.0,0.0,0.0,100.0,0.0,910.661,9044,4231,4813,53.2,9.931236836499163,rural,277.0,292.0,194.0,154.0,171.0,125.0,"$48,780",5,"$35,000 to $49,999",11466.85
192,Jasper,TX,161156391000.0,12756288.69,276648713.0,9579234.46,40943.9998,4288.1118,0.0,36655.888,10.5,0.0,89.5,10.47311400230278,938.845,35710,7790,27920,78.2,38.036097545388216,rural,145.0,167.0,157.0,71.0,91.0,89.0,"$47,551",5,"$35,000 to $49,999",11466.85
193,Jefferson,TX,858964920000.0,45686874.0,1222105400.0,27099575.0,210517.0,210517.0,0.0,0.0,100.0,0.0,0.0,64.29663295139382,876.295,252273,231077,21196,8.4,287.8859288253385,suburban,46.0,44.0,244.0,15.0,21.0,174.0,"$48,121",5,"$35,000 to $49,999",11466.85
194,Jim Hogg,TX,18394152700.0,1072346.41,27098241.8,685522.6,4503.0,3602.4,0.0,900.6,80.0,0.0,20.0,40.0,1136.138,5300,4378,922,17.4,4.664926267759727,suburban,350.0,337.0,99.0,208.0,202.0,44.0,"$36,176",5,"$35,000 to $49,999",11466.85
195,Jim Wells,TX,158223776000.0,9928789.5,250900950.0,6347211.6,41693.0,33354.4,0.0,8338.6,80.0,0.0,20.0,40.0,864.966,40838,24468,16370,40.1,47.21341648111024,suburban,147.0,141.0,250.0,73.0,77.0,179.0,"$41,919",5,"$35,000 to $49,999",11466.85
196,Jones,TX,45865708000.0,5575723.8,118700810.0,4256277.8,17283.0,0.0,0.0,17283.0,0.0,0.0,100.0,0.0,928.554,20202,3000,17202,85.1,21.75640835104905,rural,273.0,223.0,167.0,151.0,127.0,99.0,"$43,903",5,"$35,000 to $49,999",11466.85
197,Karnes,TX,83899068000.0,4891166.6,123599997.0,3126792.900000001,20539.0,16431.2,0.0,4107.8,80.0,0.0,20.0,40.0,747.556,14824,9133,5691,38.4,19.829952538672686,suburban,217.0,239.0,291.0,113.0,136.0,209.0,"$48,743",5,"$35,000 to $49,999",11466.85
198,Kenedy,TX,1825817700.0,221957.88,4725230.6,169433.5,688.0,0.0,0.0,688.0,0.0,0.0,100.0,0.0,1458.329,416,0,416,100.0,0.285257990480886,rural,396.0,398.0,66.0,251.0,253.0,25.0,"$42,153",5,"$35,000 to $49,999",11466.85
199,Kent,TX,3027991200.0,368101.65,7836465.3,280993.63,1141.0,0.0,0.0,1141.0,0.0,0.0,100.0,0.0,902.507,808,0,808,100.0,0.8952839146953986,rural,395.0,391.0,207.0,250.0,246.0,138.0,"$47,625",5,"$35,000 to $49,999",11466.85
200,Kimble,TX,24915871500.0,1432286.4400000004,37256802.7,882495.47,6308.0,5708.4218,0.0,599.5782,90.5,0.0,9.5,50.49495555085077,1250.987,4607,2566,2041,44.3,3.6826921462812963,suburban,332.0,355.0,89.0,194.0,216.0,35.0,"$42,503",5,"$35,000 to $49,999",11466.85
201,Kinney,TX,13575879900.0,850875.81,21501669.2,543942.32,3573.0,2858.4,0.0,714.6,80.0,0.0,20.0,40.0,1360.055,3598,2862,736,20.5,2.6454812489200803,suburban,364.0,368.0,75.0,221.0,226.0,27.0,"$43,192",5,"$35,000 to $49,999",11466.85
202,Kleberg,TX,106075323600.0,5804150.92,152544875.0,3527367.76,25994.9995,24454.551,0.0,1540.4485,94.1,0.0,5.9,54.0740584090733,881.308,32061,26011,6050,18.9,36.37888229767573,suburban,185.0,174.0,238.0,96.0,97.0,169.0,"$42,605",5,"$35,000 to $49,999",11466.85
203,Knox,TX,11214979000.0,1363363.4,29024454.0,1040735.4,4226.0,0.0,0.0,4226.0,0.0,0.0,100.0,0.0,850.621,3719,0,3719,100.0,4.3720999128871725,rural,370.0,342.0,257.0,227.0,206.0,184.0,"$39,726",5,"$35,000 to $49,999",11466.85
204,Lamar,TX,213846630000.0,16908158.0,359955430.0,12906991.0,52410.0,0.0,0.0,52410.0,0.0,0.0,100.0,40.0,907.19,49793,26349,23444,47.1,54.88706886098832,suburban,119.0,131.0,199.0,58.0,69.0,130.0,"$45,767",5,"$35,000 to $49,999",11466.85
205,Lamb,TX,39151865000.0,3821557.16,85340873.0,2793037.71,12946.0,3361.9666,0.0,9584.0334,26.0,0.0,74.0,0.0,1016.181,13977,5914,8063,57.7,13.754439415812733,rural,297.0,271.0,128.0,171.0,157.0,69.0,"$42,700",5,"$35,000 to $49,999",11466.85
206,La Salle,TX,23563140800.0,1908457.53,48226806.0,1220026.23,8014.0,6411.2,0.0,1602.8,80.0,0.0,20.0,40.0,1486.691,6886,3694,3192,46.4,4.631762753658965,suburban,335.0,339.0,64.0,196.0,203.0,23.0,"$40,072",5,"$35,000 to $49,999",11466.85
207,Leon,TX,96828744000.0,7655933.7,162986120.0,5844224.2,23731.0,0.0,0.0,23731.0,0.0,0.0,100.0,0.0,1073.151,16801,0,16801,100.0,15.65576512531787,rural,201.0,258.0,110.0,106.0,146.0,53.0,"$47,065",5,"$35,000 to $49,999",11466.85
208,Limestone,TX,101349560000.0,8002097.7,170355550.0,6108471.5,24804.0,0.0,0.0,24804.0,0.0,0.0,100.0,0.0,905.288,23384,10846,12538,53.6,25.830453954984492,rural,192.0,203.0,202.0,101.0,115.0,133.0,"$43,226",5,"$35,000 to $49,999",11466.85
209,Live Oak,TX,43811518000.0,4471409.55,98812177.0,3300432.01,14860.0003,3055.3993,0.0,11804.601,20.6,0.0,79.4,20.561233668748915,1039.696,11531,0,11531,100.0,11.090741909173449,rural,282.0,282.0,123.0,158.0,164.0,65.0,"$48,814",5,"$35,000 to $49,999",11466.85
210,Lynn,TX,16949851000.0,2060530.5,43866349.0,1572924.0,6387.0,0.0,0.0,6387.0,0.0,0.0,100.0,0.0,891.867,5915,2560,3355,56.7,6.632154794380777,rural,358.0,321.0,227.0,216.0,189.0,158.0,"$43,436",5,"$35,000 to $49,999",11466.85
211,McCulloch,TX,39770333000.0,3144510.8,66943056.0,2400389.9,9747.0,0.0,0.0,9747.0,0.0,0.0,100.0,40.0,1065.598,8283,5357,2926,35.3,7.773100174737565,suburban,295.0,312.0,112.0,169.0,182.0,55.0,"$42,719",5,"$35,000 to $49,999",11466.85
212,McLennan,TX,912609713000.0,50241197.1,1314495890.0,30718463.3,223373.002,206664.33,0.0,16708.672,92.5,0.0,7.5,60.146613427051605,1037.101,234906,180051,54855,23.4,226.50252964754637,suburban,43.0,51.0,124.0,14.0,26.0,66.0,"$48,858",5,"$35,000 to $49,999",11466.85
213,Madison,TX,52659033000.0,3304436.840000001,83503265.0,2112438.74,13876.0,11100.8,0.0,2775.2,80.0,0.0,20.0,23.474991905990613,466.065,13664,4454,9210,67.4,29.317799019450078,rural,261.0,191.0,365.0,143.0,108.0,240.0,"$45,445",5,"$35,000 to $49,999",11466.85
214,Marion,TX,43360811000.0,2303040.2,61605393.0,1366068.7,10612.0,10612.0,0.0,0.0,100.0,0.0,0.0,0.0,380.88,10546,0,10546,100.0,27.688510817055242,rural,284.0,195.0,384.0,159.0,109.0,243.0,"$38,011",5,"$35,000 to $49,999",11466.85
215,Mason,TX,26852596900.0,1957906.32,43510499.3,1437581.91,6574.0,1543.246,0.0,5030.754,23.5,0.0,76.5,0.0,928.803,4012,0,4012,100.0,4.31953815825315,rural,327.0,344.0,166.0,191.0,207.0,98.0,"$49,560",5,"$35,000 to $49,999",11466.85
216,Matagorda,TX,151055960000.0,11926687.0,253905600.0,9104341.4,36969.0,0.0,0.0,36969.0,0.0,0.0,100.0,52.51983351252393,1100.276,36702,23336,13366,36.4,33.357084949594466,suburban,148.0,182.0,105.0,74.0,103.0,49.0,"$48,830",5,"$35,000 to $49,999",11466.85
217,Maverick,TX,199319522700.0,15709624.31,334997913.8,11974691.664,48848.99997,470.75497,0.0,48378.245,1.0,0.0,99.0,44.324025198014,1279.258,54258,49236,5022,9.3,42.41364916224874,suburban,126.0,156.0,86.0,62.0,86.0,33.0,"$35,594",5,"$35,000 to $49,999",11466.85
218,Menard,TX,12004137000.0,949128.02,20205855.0,724525.21,2942.0,0.0,0.0,2942.0,0.0,0.0,100.0,0.0,902.03,2242,0,2242,100.0,2.485504916687915,rural,368.0,370.0,208.0,225.0,228.0,139.0,"$35,881",5,"$35,000 to $49,999",11466.85
219,Milam,TX,122690830000.0,9687106.4,206227470.0,7394737.7,30027.0,0.0,0.0,30027.0,0.0,0.0,100.0,0.0,1016.93,24757,10848,13909,56.2,24.344841827854427,rural,173.0,212.0,127.0,89.0,119.0,68.0,"$46,720",5,"$35,000 to $49,999",11466.85
220,Mills,TX,18884475000.0,2295715.5,48873170.0,1752454.6,7116.0,0.0,0.0,7116.0,0.0,0.0,100.0,0.0,748.261,4936,0,4936,100.0,6.596628716450542,rural,345.0,322.0,289.0,204.0,190.0,208.0,"$47,068",5,"$35,000 to $49,999",11466.85
221,Mitchell,TX,21081572200.0,1707467.02,43147766.1,1091538.3199999998,7170.0,5736.0,0.0,1434.0,80.0,0.0,20.0,40.0,911.09,9403,5948,3455,36.7,10.320604989627808,suburban,340.0,287.0,192.0,200.0,166.0,123.0,"$48,529",5,"$35,000 to $49,999",11466.85
222,Morris,TX,56117355000.0,4430769.6,94326042.0,3382266.9,13734.0,0.0,0.0,13734.0,0.0,0.0,100.0,0.0,251.985,12934,2791,10143,78.4,51.3284520904022,rural,251.0,135.0,393.0,137.0,71.0,250.0,"$41,418",5,"$35,000 to $49,999",11466.85
223,Motley,TX,6839992200.0,540054.49,11497145.0,412255.34,1674.0,0.0,0.0,1674.0,0.0,0.0,100.0,0.0,989.562,1210,0,1210,100.0,1.2227632023056665,rural,382.0,387.0,140.0,238.0,242.0,77.0,"$41,009",5,"$35,000 to $49,999",11466.85
224,Nacogdoches,TX,162556014000.0,13237207.4,345129420.0,8131047.6,58519.9998,53433.725,0.0,5086.2748,91.3,0.0,8.7,51.308484659152235,946.536,64524,34546,29978,46.5,68.16849209275496,suburban,144.0,112.0,153.0,70.0,57.0,86.0,"$45,357",5,"$35,000 to $49,999",11466.85
225,Navarro,TX,205136403000.0,16258459.7,352546995.0,12210849.72,52169.9995,5419.6915,0.0,46750.308,10.4,0.0,89.6,10.388521258740774,1009.627,47735,22599,25136,52.7,47.279837009113265,rural,121.0,140.0,131.0,59.0,76.0,71.0,"$46,259",5,"$35,000 to $49,999",11466.85
226,Newton,TX,55238613000.0,4367537.4,92979901.0,3333998.1,13538.0,0.0,0.0,13538.0,0.0,0.0,100.0,0.0,933.677,14445,0,14445,100.0,15.471089038286259,rural,254.0,260.0,162.0,139.0,148.0,94.0,"$43,367",5,"$35,000 to $49,999",11466.85
227,Nolan,TX,40191056600.0,3273694.34,85493071.6,2006554.46,14510.9995,13332.069,0.0,1178.9305,91.9,0.0,8.1,51.87560814196476,911.997,15216,10247,4969,32.7,16.684265408767793,suburban,294.0,254.0,189.0,168.0,145.0,120.0,"$42,522",5,"$35,000 to $49,999",11466.85
228,Ochiltree,TX,35462320800.0,2872211.85,72580922.0,1836128.87,12061.0,9648.8,0.0,2412.2,80.0,0.0,20.0,40.0,917.627,10223,8801,1422,13.9,11.14069224205478,suburban,304.0,281.0,181.0,176.0,163.0,112.0,"$49,845",5,"$35,000 to $49,999",11466.85
229,Palo Pinto,TX,134858990000.0,10647848.0,226680580.0,8128128.6,33005.0,0.0,0.0,33005.0,0.0,0.0,100.0,0.0,951.791,28111,13995,14116,50.2,29.534845359958226,rural,166.0,189.0,151.0,84.0,107.0,84.0,"$46,067",5,"$35,000 to $49,999",11466.85
230,Pecos,TX,66981610000.0,3861294.56,98290715.0,2446118.39,16412.0003,13575.343,0.0,2836.6573,82.7,0.0,17.3,42.7159562702904,4763.847,15507,9339,6168,39.8,3.255142325099862,suburban,232.0,362.0,10.0,123.0,221.0,2.0,"$47,008",5,"$35,000 to $49,999",11466.85
231,Potter,TX,410667214000.0,23069102.8,605182621.0,14054746.0,103009.9998,96251.464,0.0,6758.5358,93.4,0.0,6.6,53.43895179172878,908.37,121073,110181,10892,9.0,133.28599579466515,suburban,76.0,69.0,198.0,33.0,35.0,129.0,"$41,912",5,"$35,000 to $49,999",11466.85
232,Presidio,TX,22956751700.0,1861721.04,47412406.5,1178721.65,7919.0,6563.5637,0.0,1355.4363,82.9,0.0,17.1,42.883743823605414,3855.237,7818,4654,3164,40.5,2.0278908923109005,suburban,337.0,373.0,17.0,197.0,230.0,4.0,"$37,738",5,"$35,000 to $49,999",11466.85
233,Rains,TX,62985950000.0,4973082.4,105871260.0,3796246.1,15415.0,0.0,0.0,15415.0,0.0,0.0,100.0,0.0,229.452,10914,739,10175,93.2,47.56550389623974,rural,239.0,139.0,394.0,128.0,75.0,251.0,"$47,572",5,"$35,000 to $49,999",11466.85
234,Real,TX,19258846000.0,1522734.3,32417280.0,1162392.6,4720.0,0.0,0.0,4720.0,0.0,0.0,100.0,0.0,699.195,3309,0,3309,100.0,4.732585330272671,rural,344.0,336.0,309.0,203.0,201.0,215.0,"$39,506",5,"$35,000 to $49,999",11466.85
235,Red River,TX,59212790000.0,4681762.7,99669399.0,3573864.7,14512.0,0.0,0.0,14512.0,0.0,0.0,100.0,0.0,1036.578,12860,3121,9739,75.7,12.406205804097715,rural,247.0,277.0,125.0,133.0,160.0,67.0,"$42,233",5,"$35,000 to $49,999",11466.85
236,Reeves,TX,62021597700.0,3551858.0,90776792.0,2238780.42,15196.9998,12793.661,0.0,2403.3388,84.2,0.0,15.8,44.185439388863834,2635.375,13783,11785,1998,14.5,5.229995731157805,suburban,240.0,334.0,33.0,129.0,200.0,9.0,"$45,341",5,"$35,000 to $49,999",11466.85
237,Refugio,TX,33922112000.0,2678334.7,57018698.0,2044530.3,8302.0,0.0,0.0,8302.0,0.0,0.0,100.0,0.0,770.444,7383,2903,4480,60.7,9.582786029873684,rural,309.0,297.0,281.0,179.0,175.0,205.0,"$44,821",5,"$35,000 to $49,999",11466.85
238,Robertson,TX,53322899000.0,6482266.9,138000090.0,4948295.4,20093.0,0.0,0.0,20093.0,0.0,0.0,100.0,0.0,855.683,16622,4346,12276,73.9,19.425418057855538,rural,259.0,240.0,255.0,141.0,137.0,182.0,"$44,917",5,"$35,000 to $49,999",11466.85
239,Runnels,TX,35888846700.0,2921398.85,75994412.6,1799921.67,12866.9999,11645.555,0.0,1221.4449,90.5,0.0,9.5,50.507150577910096,1050.945,10501,6221,4280,40.8,9.991959617296814,suburban,302.0,291.0,120.0,174.0,170.0,63.0,"$42,205",5,"$35,000 to $49,999",11466.85
240,Rusk,TX,139049394150.0,16883381.680999998,359514150.08,12885391.8578,52356.999967,72.709967,0.0,52284.29,0.1,0.0,99.9,0.13887343977745487,924.026,53330,18200,35130,65.9,57.71476374608102,rural,159.0,125.0,174.0,79.0,66.0,105.0,"$49,788",5,"$35,000 to $49,999",11466.85
241,Sabine,TX,34751573000.0,4224619.8,89937347.0,3224900.6,13095.0,0.0,0.0,13095.0,0.0,0.0,100.0,0.0,491.39,10834,0,10834,100.0,22.04766071755632,rural,307.0,222.0,363.0,178.0,126.0,239.0,"$40,641",5,"$35,000 to $49,999",11466.85
242,San Augustine,TX,38611981000.0,3032584.424,64741084.56,2309314.3540000003,9449.99998,152.57248,0.0,9297.4275,1.6,0.0,98.4,1.6145236237716494,530.656,8865,0,8865,100.0,16.705706322539797,rural,298.0,253.0,354.0,172.0,144.0,236.0,"$38,826",5,"$35,000 to $49,999",11466.85
243,San Jacinto,TX,117054610000.0,9255127.3,197031130.0,7064982.7,28688.0,0.0,0.0,28688.0,0.0,0.0,100.0,0.0,569.243,26384,0,26384,100.0,46.34927438721249,rural,177.0,143.0,343.0,90.0,78.0,233.0,"$47,028",5,"$35,000 to $49,999",11466.85
244,San Saba,TX,29997639700.0,1880118.83,47510686.0,1201910.04,7895.0,6316.0,0.0,1579.0,80.0,0.0,20.0,40.0,1135.297,6131,3105,3026,49.4,5.400348983569938,suburban,318.0,331.0,100.0,184.0,198.0,45.0,"$43,827",5,"$35,000 to $49,999",11466.85
245,Schleicher,TX,17479851000.0,1382074.9,29422802.0,1055019.0,4284.0,0.0,0.0,4284.0,0.0,0.0,100.0,0.0,1310.63,3461,0,3461,100.0,2.6407147707591005,rural,352.0,369.0,82.0,210.0,227.0,31.0,"$47,317",5,"$35,000 to $49,999",11466.85
246,Shelby,TX,114316750000.0,9038653.9,192422650.0,6899735.8,28017.0,0.0,0.0,28017.0,0.0,0.0,100.0,0.0,795.583,25448,5234,20214,79.4,31.986606048646085,rural,180.0,185.0,273.0,92.0,105.0,198.0,"$41,961",5,"$35,000 to $49,999",11466.85
247,Stephens,TX,42021019000.0,2449750.79,61905311.0,1566060.61,10287.0,8229.6,0.0,2057.4,80.0,0.0,20.0,40.0,896.718,9630,5839,3791,39.4,10.739150168558936,suburban,291.0,285.0,223.0,165.0,165.0,154.0,"$43,115",5,"$35,000 to $49,999",11466.85
248,Stonewall,TX,8352300300.0,660389.21,14058935.0,504113.9,2047.0,0.0,0.0,2047.0,0.0,0.0,100.0,0.0,916.313,1490,0,1490,100.0,1.6260819174234131,rural,378.0,379.0,182.0,234.0,235.0,113.0,"$46,915",5,"$35,000 to $49,999",11466.85
249,Swisher,TX,20203349900.0,1636977.42,41366491.5,1046476.21,6874.0,5499.2,0.0,1374.8,80.0,0.0,20.0,40.0,890.159,7854,4903,2951,37.6,8.823142831786232,suburban,341.0,304.0,231.0,201.0,178.0,162.0,"$43,084",5,"$35,000 to $49,999",11466.85
250,Taylor,TX,522666287000.0,28779579.0,759960111.0,17378863.6,129882.0003,124272.67,0.0,5609.3303,95.7,0.0,4.3,55.681210399186504,915.552,131506,110421,21085,16.0,143.63575198350284,suburban,61.0,67.0,183.0,25.0,34.0,114.0,"$48,040",5,"$35,000 to $49,999",11466.85
251,Terrell,TX,4896316700.0,387135.83,8241681.3,295523.54,1200.0,0.0,0.0,1200.0,0.0,0.0,100.0,0.0,2358.026,984,0,984,100.0,0.41729819772979604,rural,389.0,396.0,36.0,245.0,251.0,10.0,"$41,413",5,"$35,000 to $49,999",11466.85
252,Terry,TX,32829708600.0,2660028.78,67219044.0,1700485.8199999996,11170.0,8936.0,0.0,2234.0,80.0,0.0,20.0,40.0,888.839,12651,9530,3121,24.7,14.233173836881596,suburban,310.0,267.0,232.0,180.0,154.0,163.0,"$41,268",5,"$35,000 to $49,999",11466.85
253,Throckmorton,TX,8356380500.0,660711.82,14065803.0,504360.17,2048.0,0.0,0.0,2048.0,0.0,0.0,100.0,0.0,912.552,1641,0,1641,100.0,1.798253688556926,rural,377.0,377.0,188.0,233.0,233.0,119.0,"$42,701",5,"$35,000 to $49,999",11466.85
254,Titus,TX,116342222000.0,9256373.7,206541170.0,6770352.7,31311.0001,8002.2771,0.0,23308.722999999998,25.6,0.0,74.4,25.557398746500567,406.054,32334,15987,16347,50.6,79.62980293261487,rural,178.0,103.0,382.0,91.0,51.0,242.0,"$45,604",5,"$35,000 to $49,999",11466.85
255,Tyler,TX,58558856000.0,7118782.7,151550780.0,5434185.3,22066.0,0.0,0.0,22066.0,0.0,0.0,100.0,0.0,924.501,21766,4760,17006,78.1,23.543511580841987,rural,249.0,215.0,172.0,135.0,121.0,103.0,"$44,041",5,"$35,000 to $49,999",11466.85
256,Upshur,TX,177521035114.0,14015259.5748,298380074.55,10698324.385,43445.9996061,9.4026061,0.0,43436.597,0.0,0.0,100.0,0.021642052363358245,582.947,39309,8137,31172,79.3,67.43151607264468,rural,134.0,113.0,339.0,65.0,58.0,232.0,"$48,554",5,"$35,000 to $49,999",11466.85
257,Uvalde,TX,107570558200.0,6359453.6000000015,163847892.0,3967430.93,27573.0004,24016.834,0.0,3556.1664,87.1,0.0,12.9,47.10272230666254,1551.946,26405,18118,8287,31.4,17.014122914070462,suburban,183.0,250.0,56.0,94.0,142.0,16.0,"$39,725",5,"$35,000 to $49,999",11466.85
258,Val Verde,TX,136990982000.0,11110856.6,283162550.0,7028362.3,47316.9999,39342.693,0.0,7974.3069,83.1,0.0,16.9,43.14705724314935,3144.75,48879,43914,4965,10.2,15.54304793703792,suburban,162.0,259.0,26.0,81.0,147.0,7.0,"$44,276",5,"$35,000 to $49,999",11466.85
259,Walker,TX,222232227900.0,12189636.69,322480747.0,7342194.24,55176.9998,53140.84099999999,0.0,2036.1588,96.3,0.0,3.7,56.309768935292695,784.169,67861,36928,30933,45.6,86.53874356165572,suburban,115.0,96.0,278.0,57.0,48.0,202.0,"$43,681",5,"$35,000 to $49,999",11466.85
260,Webb,TX,596571640000.0,48386208.0,1233191330.0,30605699.5,206075.002,171381.24,0.0,34693.762,83.2,0.0,16.8,43.16449729363626,3361.482,250304,243797,6507,2.6,74.46239486036218,suburban,56.0,105.0,22.0,22.0,52.0,6.0,"$44,919",5,"$35,000 to $49,999",11466.85
261,Wharton,TX,134471478000.0,10944293.7,284737553.0,6741605.6000000015,48214.9999,43663.797999999995,0.0,4551.2019,90.6,0.0,9.4,50.56060993364236,1086.15,41280,20683,20597,49.9,38.00580030382544,suburban,168.0,168.0,108.0,85.0,92.0,51.0,"$48,040",5,"$35,000 to $49,999",11466.85
262,Wheeler,TX,19481416300.0,2177075.09,47157609.7,1636638.3760000004,6972.0,683.6206,0.0,6288.3794,9.8,0.0,90.2,9.80522955951669,914.523,5410,0,5410,100.0,5.915652203389089,rural,343.0,329.0,185.0,202.0,196.0,116.0,"$48,018",5,"$35,000 to $49,999",11466.85
263,Wichita,TX,454197550000.0,24123977.0,645306620.0,14309351.0,111159.0,111159.0,0.0,0.0,100.0,0.0,0.0,70.63054524674456,627.776,131500,117473,14027,10.7,209.46961973697626,suburban,73.0,53.0,327.0,31.0,27.0,227.0,"$47,477",5,"$35,000 to $49,999",11466.85
264,Wilbarger,TX,50748350600.0,2812461.19,73337329.8,1727295.58,12436.0,11360.411,0.0,1075.589,91.4,0.0,8.6,51.35100551482368,970.843,13535,10572,2963,21.9,13.94147772453659,suburban,268.0,270.0,144.0,147.0,156.0,80.0,"$44,735",5,"$35,000 to $49,999",11466.85
265,Wood,TX,140479150000.0,17077529.0,363561170.0,13036282.0,52935.0,0.0,0.0,52935.0,0.0,0.0,100.0,0.0,645.234,41964,10827,31137,74.2,65.03687034471214,rural,158.0,116.0,322.0,78.0,61.0,225.0,"$48,384",5,"$35,000 to $49,999",11466.85
266,Young,TX,66785092000.0,5411265.3,136742911.0,3459278.3,22723.0,18178.4,0.0,4544.6,80.0,0.0,20.0,40.0,914.468,18550,12323,6227,33.6,20.285018174501456,suburban,233.0,235.0,186.0,124.0,133.0,117.0,"$49,301",5,"$35,000 to $49,999",11466.85
267,Andrews,TX,51401950800.0,4123095.0,134377513.0,2747606.1,22537.0002,18031.906000000003,0.0,4505.0942,80.0,0.0,20.0,40.01023138935101,1500.713,14786,12346,2440,16.5,9.852650040347488,suburban,266.0,294.0,60.0,146.0,173.0,20.0,"$84,946",7,"$75,000 to $99,999",12319.48
268,Chambers,TX,90248141300.0,7541429.99,294255136.0,5007784.42,50003.0004,42392.227999999996,6007.4429,1603.3295,84.8,12.0,3.2,44.77936838752176,597.137,35096,19050,16046,45.7,58.773782230878346,suburban,209.0,124.0,334.0,111.0,65.0,229.0,"$89,513",7,"$75,000 to $99,999",12319.48
269,Collin,TX,4116894636930.0,107704996.44700001,4727538636.5,63896992.471999995,826681.0041700002,826528.81,152.19416999999999,0.0,100.0,0.0,0.0,74.98158973377596,841.225,782341,741325,41016,5.2,930.0020802995631,urban,12.0,16.0,259.0,4.0,6.0,186.0,"$96,936",7,"$75,000 to $99,999",12319.48
270,Comal,TX,281280620000.0,23002504.0,1009767500.0,13644139.0,176579.0,176579.0,0.0,0.0,100.0,0.0,0.0,81.56267486342063,559.476,108472,58417,50055,46.1,193.88141761219427,suburban,97.0,57.0,346.0,48.0,29.0,234.0,"$76,523",7,"$75,000 to $99,999",12319.48
271,Denton,TX,3145645070000.0,105730135.0,4168439960.0,72708684.0,702930.0,562344.0,140586.0,0.0,80.0,20.0,0.0,86.75497581294749,878.432,662614,616855,45759,6.9,754.3145058467816,urban,17.0,20.0,242.0,7.0,9.0,172.0,"$88,384",7,"$75,000 to $99,999",12319.48
272,Ellis,TX,819318337000.0,29085308.3,1100375565.0,19950640.5,185135.9978,146788.75,31557.637000000002,6789.6108,79.3,17.0,3.7,82.1363351976513,935.487,149610,101772,47838,32.0,159.92739610491648,suburban,48.0,61.0,160.0,17.0,31.0,92.0,"$76,792",7,"$75,000 to $99,999",12319.48
273,Fort Bend,TX,3171151100000.0,82940533.00000001,3640936400.000001,49196913.00000002,636694.0000000001,636694.0,9.0933572e-11,0.0,100.0,0.0,0.0,77.85046774714672,861.481,585375,552970,32405,5.5,679.4984451195093,suburban,16.0,23.0,252.0,6.0,10.0,181.0,"$92,310",7,"$75,000 to $99,999",12319.48
274,Glasscock,TX,6629457500.0,1064452.0,18756816.0,812558.81,2703.0,0.0,0.0,2703.0,0.0,0.0,100.0,0.0,900.218,1226,0,1226,100.0,1.3618923416328044,rural,383.0,384.0,214.0,239.0,239.0,145.0,"$83,330",7,"$75,000 to $99,999",12319.48
275,Kendall,TX,191032361000.0,19676060.1,430697502.0,15006379.8,65139.0,16028.639,10760.027,38350.334,24.6,16.5,58.9,24.60682431147637,662.453,33410,13979,19431,58.2,50.433766621933934,rural,128.0,136.0,317.0,63.0,72.0,222.0,"$90,937",7,"$75,000 to $99,999",12319.48
276,Loving,TX,374342060.0,92543.925,1630725.7,70644.218,235.0,0.0,0.0,235.0,0.0,0.0,100.0,0.0,668.925,82,0,82,100.0,0.12258474417909333,rural,399.0,399.0,316.0,254.0,254.0,221.0,"$78,637",7,"$75,000 to $99,999",12319.48
277,Midland,TX,1152761900000.0,30150151.0,1323536000.0,17883830.0,231448.0,231448.0,6.0384384e-12,0.0,100.0,0.0,0.0,64.88146380000224,900.299,136872,120048,16824,12.3,152.02949242418353,suburban,38.0,66.0,213.0,13.0,33.0,144.0,"$80,189",7,"$75,000 to $99,999",12319.48
278,Montgomery,TX,2797627200000.0,73171122.0,3212077300.0,43402100.0,561699.0,561699.0,0.0,0.0,100.0,0.0,0.0,89.5435178159758,1041.734,455746,352175,103571,22.7,437.4874608225701,suburban,21.0,34.0,122.0,8.0,15.0,64.0,"$77,598",7,"$75,000 to $99,999",12319.48
279,Travis,TX,1582031700000.0,129375030.0,5679325300.0,76739949.0,993149.0,993149.0,0.0,0.0,100.0,0.0,0.0,100.0,990.202,1024266,968305,55961,5.5,1034.401061601572,urban,32.0,15.0,139.0,12.0,5.0,76.0,"$76,255",7,"$75,000 to $99,999",12319.48
280,Williamson,TX,771049060000.0,63054679.0,2767984100.0,37401442.0,484040.0,484040.0,0.0,0.0,100.0,0.0,0.0,73.0094077405296,1118.303,422679,372000,50679,12.0,377.9646482214569,suburban,49.0,36.0,103.0,18.0,17.0,47.0,"$87,817",7,"$75,000 to $99,999",12319.48
281,Archer,TX,71935965200.0,5666626.355,82539083.5,4318313.938,11791.99997,325.46697,0.0,11466.533000000001,2.8,0.0,97.2,2.7600658859079834,903.11,9054,997,8057,89.0,10.02535682253546,rural,225.0,290.0,206.0,119.0,169.0,137.0,"$61,190",6,"$50,000 to $74,999",12396.86
282,Armstrong,TX,4395163900.0,1327565.7,19046111.0,1013408.9,2707.0,0.0,0.0,2707.0,0.0,0.0,100.0,0.0,909.108,1901,0,1901,100.0,2.09105838793808,rural,391.0,372.0,195.0,247.0,229.0,126.0,"$57,210",6,"$50,000 to $74,999",12396.86
283,Atascosa,TX,291744672500.0,23595841.0,355319474.0,18171949.2,50680.0004,0.0,4936.3014,45743.699,0.0,9.7,90.3,0.0,1219.543,44911,17645,27266,60.7,36.826059576366255,rural,95.0,172.0,94.0,47.0,95.0,40.0,"$50,594",6,"$50,000 to $74,999",12396.86
284,Austin,TX,233936258400.0,18239412.76,287146003.2,13828404.58,41920.0003,5723.7265,1066.4858,35129.788,13.7,2.5,83.8,13.653927743615556,646.508,28417,9564,18853,66.3,43.95459916969318,rural,108.0,152.0,321.0,52.0,82.0,224.0,"$59,942",6,"$50,000 to $74,999",12396.86
285,Bandera,TX,159948531200.0,12667533.642,197485546.86,9580887.992999999,28828.999506,4054.3417,81.441806,24693.216,14.1,0.3,85.7,14.063414265824905,790.961,20485,0,20485,100.0,25.89887491292238,rural,146.0,200.0,274.0,72.0,113.0,199.0,"$53,008",6,"$50,000 to $74,999",12396.86
286,Bastrop,TX,233596591000.0,38102272.4,659566499.0,29097992.5,97583.0,18032.306,12963.015,66587.679,18.5,13.3,68.2,18.4789415207778,888.15,74171,26811,47360,63.9,83.51179417891122,rural,109.0,100.0,233.0,53.0,50.0,164.0,"$61,883",6,"$50,000 to $74,999",12396.86
287,Bell,TX,506525180000.0,41422504.0,1784789900.0,24570126.0,311971.0,311971.0,0.0,0.0,100.0,0.0,0.0,76.26491480788886,1051.016,310235,263122,47113,15.2,295.1762865646194,suburban,63.0,43.0,119.0,27.0,20.0,62.0,"$54,292",6,"$50,000 to $74,999",12396.86
288,Bexar,TX,4037602900000.0015,214450830.00000003,9240138200.000002,127203410.00000004,1615123.0000000002,1615123.0,1.6567651e-10,0.0,100.0,0.0,0.0,90.74122959555169,1239.82,1714773,1636938,77835,4.5,1383.082221612815,urban,13.0,13.0,91.0,5.0,4.0,37.0,"$54,210",6,"$50,000 to $74,999",12396.86
289,Blanco,TX,35057406901.2,8326849.963939999,133329788.0653,6274293.92948,19629.00037312,3633.2193,0.78707312,15994.993999999999,18.5,0.0,81.5,18.50944668193488,709.251,10497,0,10497,100.0,14.800120126725234,rural,305.0,265.0,304.0,177.0,153.0,213.0,"$64,832",6,"$50,000 to $74,999",12396.86
290,Borden,TX,1732412200.0,523277.65,7507277.7,399448.59,1067.0,0.0,0.0,1067.0,0.0,0.0,100.0,0.0,897.443,641,0,641,100.0,0.7142514900667787,rural,397.0,393.0,222.0,252.0,248.0,153.0,"$66,101",6,"$50,000 to $74,999",12396.86
291,Brazoria,TX,536783140000.0,43896932.0,1891406600.0,26037855.0,330607.0,330607.0,0.0,0.0,100.0,0.0,0.0,67.41253403382393,1357.701,313166,242614,70552,22.5,230.65903317446183,suburban,59.0,49.0,76.0,24.0,24.0,28.0,"$74,225",6,"$50,000 to $74,999",12396.86
292,Brazos,TX,397787340000.0001,21127839.000000004,910344600.0,12532165.000000006,159123.00000000006,159123.0,2.2065691000000002e-11,0.0,100.0,0.0,0.0,90.25118284216563,585.445,194851,171345,23506,12.1,332.825457557926,suburban,80.0,39.0,338.0,35.0,18.0,231.0,"$50,113",6,"$50,000 to $74,999",12396.86
293,Burleson,TX,59541304400.0,11503014.23,168679791.5,8759311.499,24153.00035,956.50935,0.0,23196.491,4.0,0.0,96.0,3.9602092853606137,659.026,17187,4012,13175,76.7,26.079395957063905,rural,245.0,199.0,319.0,132.0,112.0,223.0,"$53,626",6,"$50,000 to $74,999",12396.86
294,Burnet,TX,148804756000.0,22601423.2,400091889.0,17287881.3,59377.0004,11657.715,9212.4434,38506.842000000004,19.6,15.5,64.9,19.63338499645732,994.258,42750,18950,23800,55.7,42.99688813165194,rural,150.0,154.0,137.0,75.0,84.0,74.0,"$56,696",6,"$50,000 to $74,999",12396.86
295,Caldwell,TX,239352415100.0,8185823.08,261626631.0,5479338.12,44036.0,36349.907,1608.0575,6078.0355,82.5,3.7,13.8,42.545887485254596,545.257,38066,21967,16099,42.3,69.81295059027212,suburban,106.0,111.0,351.0,51.0,56.0,235.0,"$52,588",6,"$50,000 to $74,999",12396.86
296,Calhoun,TX,59153333000.0,4759088.4,139390930.0,3211762.5,23294.0,18635.2,0.0,4658.8,80.0,0.0,20.0,40.0,506.84,21381,11817,9564,44.7,42.18491042538079,suburban,248.0,158.0,359.0,134.0,87.0,238.0,"$52,085",6,"$50,000 to $74,999",12396.86
297,Callahan,TX,41850379000.0,8210113.6,117787570.0,6267262.3,16741.0,0.0,0.0,16741.0,0.0,0.0,100.0,0.0,899.372,13544,3768,9776,72.2,15.059397001463244,rural,292.0,263.0,219.0,166.0,151.0,150.0,"$50,330",6,"$50,000 to $74,999",12396.86
298,Carson,TX,18549060000.0,3638913.0,52206186.0,2777796.2,7420.0,0.0,0.0,7420.0,0.0,0.0,100.0,0.0,920.22,6182,297,5885,95.2,6.717958748994805,rural,346.0,320.0,178.0,205.0,188.0,109.0,"$64,799",6,"$50,000 to $74,999",12396.86
299,Comanche,TX,42697836000.0,8376365.8,120172730.0,6394172.4,17080.0,0.0,0.0,17080.0,0.0,0.0,100.0,0.0,937.753,13974,3988,9986,71.5,14.901562669953956,rural,287.0,264.0,158.0,162.0,152.0,90.0,"$52,251",6,"$50,000 to $74,999",12396.86
300,Cooke,TX,93462584000.0,28230511.0,405013060.0,21550008.0,57564.0,0.0,0.0,57564.0,0.0,0.0,100.0,0.0,874.758,38437,15746,22691,59.0,43.94010235962134,rural,205.0,153.0,245.0,110.0,83.0,175.0,"$52,047",6,"$50,000 to $74,999",12396.86
301,Crane,TX,28078233800.0,1085065.61,31780941.5,732277.4600000002,5311.0,4248.8,1.682701e-13,1062.2,80.0,0.0,20.0,40.0,785.069,4375,3907,468,10.7,5.5727585728133455,suburban,322.0,330.0,277.0,188.0,197.0,201.0,"$61,987",6,"$50,000 to $74,999",12396.86
302,Dallam,TX,42294458500.0,1634442.64,47871876.0,1103035.14,8000.0,6400.0,0.0,1600.0,80.0,0.0,20.0,40.0,1503.259,6703,5125,1578,23.5,4.458978792077746,suburban,289.0,340.0,58.0,163.0,204.0,18.0,"$50,587",6,"$50,000 to $74,999",12396.86
303,Dallas,TX,13171734000000.0,281962370.0,12149038000.0,167248480.0,2123582.0,2123582.0,0.0,0.0,100.0,0.0,0.0,100.0,871.279,2368139,2351839,16300,0.7,2718.003073642312,urban,1.0,4.0,248.0,1.0,1.0,177.0,"$59,838",6,"$50,000 to $74,999",12396.86
304,Ector,TX,454348103100.0,25214249.12,1059671524.5,15482799.018,183873.99902000002,176638.33,7011.4681,224.20092000000002,96.1,3.8,0.1,56.06487645361915,897.687,137130,124164,12966,9.5,152.7592579596229,suburban,72.0,65.0,221.0,30.0,32.0,152.0,"$60,431",6,"$50,000 to $74,999",12396.86
305,Fannin,TX,96882591000.0,19006209.0,272675300.0,14508557.0,38755.0,0.0,0.0,38755.0,0.0,0.0,100.0,0.0,890.837,33915,9995,23920,70.5,38.070937780985744,rural,200.0,166.0,229.0,105.0,90.0,160.0,"$53,111",6,"$50,000 to $74,999",12396.86
306,Fayette,TX,124498753000.0,14168037.0,239367251.0,10601494.75,35789.0005,9460.8035,2.1011547999999997e-13,26328.197,26.4,0.0,73.6,26.434947798389594,950.008,24554,8069,16485,67.1,25.84609813812094,rural,171.0,202.0,152.0,87.0,114.0,85.0,"$55,776",6,"$50,000 to $74,999",12396.86
307,Gaines,TX,142486170000.0,11265918.0,161628100.0,8599937.3,22972.0,0.0,0.0,22972.0,0.0,0.0,100.0,0.0,1502.375,17526,6477,11049,63.0,11.6655295781679,rural,156.0,279.0,59.0,77.0,161.0,19.0,"$56,321",6,"$50,000 to $74,999",12396.86
308,Galveston,TX,1836863300000.0,39321046.0,1694243400.0,23323627.0,296144.0,296144.0,0.0,0.0,100.0,0.0,0.0,76.36762396470786,378.358,291309,273394,17915,6.1,769.9295376336697,urban,26.0,19.0,385.0,10.0,8.0,244.0,"$71,959",6,"$50,000 to $74,999",12396.86
309,Gillespie,TX,86026432804.0,15325925.7441,251533862.10599998,11512323.4236,37299.00012100001,8285.4253,11.805821,29001.769,22.2,0.0,77.8,22.213532006852606,1058.214,24837,11511,13326,53.7,23.47067795360863,rural,216.0,216.0,114.0,112.0,122.0,57.0,"$61,433",6,"$50,000 to $74,999",12396.86
310,Goliad,TX,60140427000.0,4755107.9,68219835.0,3629853.4,9696.0,0.0,0.0,9696.0,0.0,0.0,100.0,0.0,852.013,7210,0,7210,100.0,8.462302262638877,rural,243.0,308.0,256.0,131.0,180.0,183.0,"$55,008",6,"$50,000 to $74,999",12396.86
311,Grayson,TX,233283656000.0,19032549.3,782452954.0,11512053.38,136155.0012,133486.62,0.0,2668.3812,98.0,0.0,2.0,58.04018859960563,932.804,120877,68718,52159,43.2,129.58456438866043,suburban,110.0,74.0,163.0,54.0,38.0,95.0,"$51,403",6,"$50,000 to $74,999",12396.86
312,Gregg,TX,326093480000.0,17319934.0,746271700.0,10273473.0,130444.0,130444.0,0.0,0.0,100.0,0.0,0.0,85.41768543474474,273.303,121730,105464,16266,13.4,445.4030874157986,suburban,91.0,33.0,390.0,44.0,14.0,247.0,"$50,610",6,"$50,000 to $74,999",12396.86
313,Guadalupe,TX,258749650000.0,21159971.0,911729090.0,12551225.0,159365.0,159365.0,0.0,0.0,100.0,0.0,0.0,85.53520201628572,711.3,131533,97121,34412,26.2,184.91916209756783,suburban,103.0,59.0,303.0,49.0,30.0,212.0,"$73,864",6,"$50,000 to $74,999",12396.86
314,Hansford,TX,16513871800.0,1328597.57,38913850.8,896629.69,6503.0,5202.4,0.0,1300.6,80.0,0.0,20.0,40.0,919.81,5613,3349,2264,40.3,6.102347223883194,suburban,359.0,327.0,179.0,217.0,194.0,110.0,"$57,240",6,"$50,000 to $74,999",12396.86
315,Hardin,TX,105428835000.0,25953617.7,408473635.0,19597986.31,59825.0001,9466.7961,1.5020174e-13,50358.204000000005,15.8,0.0,84.2,15.824147198103141,890.567,54635,26472,28163,51.5,61.34855659372063,rural,186.0,122.0,230.0,97.0,64.0,161.0,"$60,909",6,"$50,000 to $74,999",12396.86
316,Harris,TX,5766851200000.0,471600280.0,20320051000.0,279733890.0,3551828.0,3551828.0,0.0,0.0,100.0,0.0,0.0,100.0,1703.477,4092459,4042806,49653,1.2,2402.413767597821,urban,7.0,6.0,51.0,3.0,2.0,14.0,"$60,241",6,"$50,000 to $74,999",12396.86
317,Harrison,TX,124234465000.0,29272930.0,470572328.0,22046077.2,69360.0,13260.632,1.5020174e-13,56099.367999999995,19.1,0.0,80.9,19.118558888973965,899.951,65631,28842,36789,56.1,72.92730381987464,rural,172.0,107.0,217.0,88.0,53.0,148.0,"$50,131",6,"$50,000 to $74,999",12396.86
318,Hartley,TX,16956641000.0,3326515.8,47724334.0,2539325.0,6783.0,0.0,0.0,6783.0,0.0,0.0,100.0,0.0,1462.033,6062,2591,3471,57.3,4.146281239889935,rural,357.0,349.0,65.0,215.0,211.0,24.0,"$72,451",6,"$50,000 to $74,999",12396.86
319,Hays,TX,488627740000.0,25952682.0,1118234700.0,15394063.0,195461.0,195461.0,0.0,0.0,100.0,0.0,0.0,100.0,677.978,157107,107285,49822,31.7,231.72875816029426,suburban,66.0,48.0,314.0,28.0,23.0,220.0,"$68,180",6,"$50,000 to $74,999",12396.86
320,Hemphill,TX,18256520700.0,1151056.23,33713768.9,776812.49,5634.0,4507.2,0.0,1126.8,80.0,0.0,20.0,40.0,906.286,3807,2781,1026,27.0,4.20066071858111,suburban,351.0,347.0,200.0,209.0,209.0,131.0,"$66,849",6,"$50,000 to $74,999",12396.86
321,Hood,TX,180010880000.0,9560990.2,411958640.0,5671186.2,72008.0,72008.0,0.0,0.0,100.0,0.0,0.0,79.01862634673907,420.64,51182,34371,16811,32.8,121.67620369864089,suburban,132.0,78.0,379.0,64.0,40.0,241.0,"$60,917",6,"$50,000 to $74,999",12396.86
322,Hopkins,TX,103374891800.0,19149574.99,297953822.0,14480479.57,43485.0005,6085.1755,0.0,37399.825,14.0,0.0,86.0,13.99373453592538,767.174,35161,14196,20965,59.6,45.83184518766277,rural,187.0,144.0,282.0,98.0,79.0,206.0,"$52,079",6,"$50,000 to $74,999",12396.86
323,Howard,TX,52118251900.0,4944035.9,179416783.0,3131628.150000001,30813.0004,28428.54,0.0,2384.4604,92.3,0.0,7.7,52.261511805985435,900.791,35012,27987,7025,20.1,38.86806151482419,suburban,263.0,164.0,210.0,145.0,89.0,141.0,"$50,423",6,"$50,000 to $74,999",12396.86
324,Hunt,TX,175131276000.0,43335807.8,680364045.0,32733506.1,99571.0,15366.608999999999,1.5020174e-13,84204.391,15.4,0.0,84.6,15.432815626364038,840.318,86129,37353,48776,56.6,102.4957218576777,rural,137.0,87.0,261.0,66.0,43.0,188.0,"$53,360",6,"$50,000 to $74,999",12396.86
325,Hutchinson,TX,55770066000.0,4901489.2,143561771.0,3307864.5,23991.0,19192.8,1.5020174e-13,4798.2,80.0,0.0,20.0,40.0,887.419,22150,17152,4998,22.6,24.96002452054779,suburban,252.0,208.0,234.0,138.0,117.0,165.0,"$54,351",6,"$50,000 to $74,999",12396.86
326,Irion,TX,21461002000.0,1696851.6,24344124.0,1295306.6,3460.0,0.0,0.0,3460.0,0.0,0.0,100.0,0.0,1051.563,1599,0,1599,100.0,1.520593630624128,rural,339.0,381.0,118.0,199.0,236.0,61.0,"$56,775",6,"$50,000 to $74,999",12396.86
327,Jeff Davis,TX,5049488890.0,1292507.413,19053274.85,983625.952,2732.99999,133.67858999999999,1.682701e-13,2599.3214,4.9,0.0,95.1,4.891276755322363,2264.555,2342,0,2342,100.0,1.0341987719441568,rural,387.0,388.0,37.0,243.0,243.0,11.0,"$51,343",6,"$50,000 to $74,999",12396.86
328,Johnson,TX,449997200000.0,23900882.0,1029827900.0,14177020.0,180008.0,180008.0,0.0,0.0,100.0,0.0,0.0,62.45308516098366,724.692,150934,93769,57165,37.9,208.27330783284484,suburban,74.0,54.0,295.0,32.0,28.0,210.0,"$62,635",6,"$50,000 to $74,999",12396.86
329,Kaufman,TX,739671961700.0,22651356.21,767807305.7,14731423.32,130657.9974,114978.93,1194.2344,14484.833,88.0,0.9,11.1,47.999917440737846,780.699,103350,52897,50453,48.8,132.38136592976295,suburban,51.0,71.0,279.0,19.0,37.0,203.0,"$67,434",6,"$50,000 to $74,999",12396.86
330,Kerr,TX,373080300000.0,7986390.4,344113160.0,4737198.3,60149.0,60149.0,-1.7018786e-12,0.0,100.0,-0.0,0.0,64.9661667771413,1103.318,49625,29228,20397,41.1,44.97796646116532,suburban,83.0,149.0,104.0,37.0,81.0,48.0,"$53,704",6,"$50,000 to $74,999",12396.86
331,King,TX,785836470.0,237363.06,3405363.1,181193.18,484.0,0.0,0.0,484.0,0.0,0.0,100.0,0.0,910.872,286,0,286,100.0,0.3139848408997093,rural,398.0,397.0,193.0,253.0,252.0,124.0,"$57,925",6,"$50,000 to $74,999",12396.86
332,Lampasas,TX,61108294500.0,4514992.8100000005,158138864.0,3082292.43,26580.0,21264.0,3590.3575,1725.6425,80.0,13.5,6.5,25.96915305817207,712.84,19677,6244,13433,68.3,27.603669827731327,rural,241.0,196.0,299.0,130.0,110.0,211.0,"$55,151",6,"$50,000 to $74,999",12396.86
333,Lavaca,TX,48894489100.0,14474032.570999999,208299655.65,11045054.805,29636.999760000002,169.25076,0.0,29467.749,0.6,0.0,99.4,0.5710792618837266,969.708,19263,3599,15664,81.3,19.864742788550778,rural,270.0,238.0,145.0,148.0,135.0,81.0,"$51,128",6,"$50,000 to $74,999",12396.86
334,Lee,TX,79759216000.0,10841971.99,172460892.0,8176145.64,25340.0,4432.522,2.1011547999999997e-13,20907.478,17.5,0.0,82.5,17.492194120260006,629.016,16612,5030,11582,69.7,26.409503096900558,rural,219.0,197.0,326.0,114.0,111.0,226.0,"$55,834",6,"$50,000 to $74,999",12396.86
335,Liberty,TX,297835591420.0,36127863.18,595972920.03,28311452.6347,85547.00008,103.36808,22704.745,62738.887,0.1,26.5,73.3,0.12083191656918067,1158.417,75643,27816,47827,63.2,65.2985928210653,rural,93.0,115.0,96.0,45.0,60.0,42.0,"$52,577",6,"$50,000 to $74,999",12396.86
336,Lipscomb,TX,6575697700.0,1986199.2,28495290.0,1516182.6,4050.0,0.0,0.0,4050.0,0.0,0.0,100.0,0.0,932.179,3302,0,3302,100.0,3.5422381323758634,rural,384.0,358.0,164.0,240.0,218.0,96.0,"$57,332",6,"$50,000 to $74,999",12396.86
337,Llano,TX,71226391000.0,3783075.9,163003080.0,2243965.1,28492.0,28492.0,0.0,0.0,100.0,0.0,0.0,62.68371139235962,934.034,19301,10581,8720,45.2,20.664129999550337,suburban,227.0,231.0,161.0,120.0,131.0,93.0,"$54,019",6,"$50,000 to $74,999",12396.86
338,Lubbock,TX,399698510000.0,32686456.0,1408375900.0,19388261.0,246176.0,246176.0,0.0,0.0,100.0,0.0,0.0,63.66597660098499,895.598,278831,247224,31607,11.3,311.334648654141,suburban,78.0,40.0,224.0,34.0,19.0,155.0,"$50,377",6,"$50,000 to $74,999",12396.86
339,McMullen,TX,4977875300.0,401475.47,12601077.4,265956.68,2126.00002,1792.7288,0.0,333.27122,84.3,0.0,15.7,0.0,1139.426,707,0,707,100.0,0.6204878596767144,rural,388.0,395.0,98.0,244.0,250.0,43.0,"$64,633",6,"$50,000 to $74,999",12396.86
340,Medina,TX,143992358200.0,27755904.87,399910818.2,21203955.66,56857.00024,0.0,501.53924000000006,56355.460999999996,0.0,0.9,99.1,0.0,1325.356,46006,17687,28319,61.6,34.71218299083416,rural,154.0,179.0,79.0,76.0,101.0,30.0,"$59,304",6,"$50,000 to $74,999",12396.86
341,Montague,TX,66389136000.0,13024072.0,186851710.0,9942039.6,26557.0,0.0,0.0,26557.0,0.0,0.0,100.0,0.0,930.906,19719,8096,11623,58.9,21.182589864067907,rural,235.0,228.0,165.0,126.0,129.0,97.0,"$50,542",6,"$50,000 to $74,999",12396.86
342,Moore,TX,138272228200.0,3723696.6,136819304.0,2348649.92,23530.0001,21853.861,0.0,1676.1391,92.9,0.0,7.1,52.87658672609416,899.691,21904,18221,3683,16.8,24.34613661801663,suburban,160.0,211.0,218.0,80.0,118.0,149.0,"$53,785",6,"$50,000 to $74,999",12396.86
343,Nueces,TX,708804080000.0,37646996.0,1622112900.0,22330650.0,283536.0,283536.0,0.0,0.0,100.0,0.0,0.0,74.38787691887732,838.482,340223,318288,21935,6.4,405.76064840986453,suburban,52.0,35.0,262.0,20.0,16.0,189.0,"$53,034",6,"$50,000 to $74,999",12396.86
344,Oldham,TX,7534618200.0,1478124.5,21206125.0,1128339.3,3014.0,0.0,0.0,3014.0,0.0,0.0,100.0,0.0,1500.533,2052,0,2052,100.0,1.3675140766647584,rural,381.0,383.0,61.0,237.0,238.0,21.0,"$56,590",6,"$50,000 to $74,999",12396.86
345,Panola,TX,44010090000.0,13293312.0,190714400.0,10147567.0,27106.0,0.0,0.0,27106.0,0.0,0.0,100.0,0.0,801.748,23796,6492,17304,72.7,29.680111855456012,rural,280.0,188.0,269.0,157.0,106.0,195.0,"$51,192",6,"$50,000 to $74,999",12396.86
346,Parker,TX,484787080000.0,62280172.2,1087859540.0,47722055.5,160830.00199999998,28338.425,25332.017000000003,107159.56,17.6,15.8,66.6,17.620111107617635,903.478,116927,51349,65578,56.1,129.41875729126772,rural,68.0,75.0,204.0,29.0,39.0,135.0,"$73,718",6,"$50,000 to $74,999",12396.86
347,Parmer,TX,16418137000.0,4959122.4,71146759.0,3785589.7,10112.0,0.0,0.0,10112.0,0.0,0.0,100.0,0.0,880.778,10269,4106,6163,60.0,11.659010556576117,rural,360.0,280.0,239.0,218.0,162.0,170.0,"$50,539",6,"$50,000 to $74,999",12396.86
348,Randall,TX,230976723000.0,21643010.8,796796437.0,13641615.2,137061.999,127431.27,0.0,9630.729,93.0,0.0,7.0,52.97345067141233,911.544,120725,103370,17355,14.4,132.4401235705572,suburban,111.0,70.0,190.0,55.0,36.0,121.0,"$69,600",6,"$50,000 to $74,999",12396.86
349,Reagan,TX,11502861700.0,930967.61,31973169.9,600414.98,5455.999970000002,4878.5033,0.0,577.49667,89.4,0.0,10.6,49.41538356433641,1175.301,3367,2919,448,13.3,2.864798038970442,suburban,369.0,364.0,95.0,226.0,222.0,41.0,"$65,273",6,"$50,000 to $74,999",12396.86
350,Roberts,TX,3244835600.0,636564.57,9132564.6,485927.15,1298.0,0.0,0.0,1298.0,0.0,0.0,100.0,0.0,924.058,929,0,929,100.0,1.0053481491421534,rural,394.0,389.0,173.0,249.0,244.0,104.0,"$67,470",6,"$50,000 to $74,999",12396.86
351,San Patricio,TX,395728487500.0,9485926.3,391716037.0,5993011.8,67533.0004,62476.884000000005,5056.1164,0.0,92.5,7.5,0.0,52.51311750649307,693.451,64804,52070,12734,19.7,93.45144790331256,suburban,81.0,91.0,313.0,36.0,45.0,219.0,"$53,559",6,"$50,000 to $74,999",12396.86
352,Scurry,TX,53227370300.0,3445127.38,119980797.9,2350983.72,20163.0,16130.4,2644.5229999999997,1388.0770000000002,80.0,13.1,6.9,40.0,905.444,16921,11557,5364,31.7,18.6880690578324,suburban,260.0,242.0,201.0,142.0,139.0,132.0,"$53,059",6,"$50,000 to $74,999",12396.86
353,Shackelford,TX,29177039000.0,2306933.5,33096752.0,1761018.0,4704.0,0.0,0.0,4704.0,0.0,0.0,100.0,0.0,914.286,3378,0,3378,100.0,3.694686345410517,rural,321.0,354.0,187.0,187.0,215.0,118.0,"$57,126",6,"$50,000 to $74,999",12396.86
354,Sherman,TX,18427930000.0,1457036.5,20903582.0,1112241.6,2971.0,0.0,0.0,2971.0,0.0,0.0,100.0,0.0,923.035,3034,0,3034,100.0,3.2869826171271948,rural,349.0,361.0,176.0,207.0,220.0,107.0,"$57,052",6,"$50,000 to $74,999",12396.86
355,Smith,TX,359736130000.0,29418421.0,1267564600.0,17449798.0,221563.0,221563.0,0.0,0.0,100.0,0.0,0.0,68.70373302508014,921.454,209714,143428,66286,31.6,227.59030836048245,suburban,85.0,50.0,177.0,39.0,25.0,108.0,"$56,848",6,"$50,000 to $74,999",12396.86
356,Somervell,TX,30748442000.0,6032160.4,86541251.0,4604702.6,12300.0,0.0,0.0,12300.0,0.0,0.0,100.0,0.0,186.463,8490,0,8490,100.0,45.531821326483005,rural,316.0,147.0,396.0,182.0,80.0,253.0,"$63,929",6,"$50,000 to $74,999",12396.86
357,Sterling,TX,6222184700.0,1220654.2,17512291.0,931797.14,2489.0,0.0,0.0,2489.0,0.0,0.0,100.0,0.0,923.451,1143,0,1143,100.0,1.237748402459903,rural,385.0,386.0,175.0,241.0,241.0,106.0,"$59,064",6,"$50,000 to $74,999",12396.86
358,Sutton,TX,30224677500.0,1168013.58,34210439.4,788256.49,5717.0,4573.6,0.0,1143.4,80.0,0.0,20.0,40.0,1453.926,4128,3352,776,18.8,2.839209148195988,suburban,317.0,365.0,67.0,183.0,223.0,26.0,"$54,774",6,"$50,000 to $74,999",12396.86
359,Tarrant,TX,10628574000000.0,227521900.0,9803337500.0,134956640.0,1713567.0,1713567.0,0.0,0.0,100.0,0.0,0.0,100.0,863.608,1809034,1785730,23304,1.3,2094.7397430315605,urban,4.0,7.0,251.0,2.0,3.0,180.0,"$66,059",6,"$50,000 to $74,999",12396.86
360,Tom Green,TX,669066539000.0,20856174.4,687854470.0,13619269.5,116795.995,101841.47,0.0,14954.525,87.2,0.0,12.8,47.19602966594198,1521.972,110224,92984,17240,15.6,72.42183167627262,suburban,54.0,108.0,57.0,21.0,54.0,17.0,"$51,393",6,"$50,000 to $74,999",12396.86
361,Upton,TX,29592613000.0,2339791.6,33568155.0,1786100.5,4771.0,0.0,0.0,4771.0,0.0,0.0,100.0,0.0,1241.323,3355,0,3355,100.0,2.702759311831561,rural,320.0,367.0,90.0,186.0,225.0,36.0,"$53,867",6,"$50,000 to $74,999",12396.86
362,Van Zandt,TX,356413748000.0,28217305.9,436754153.0,21350839.34,63639.0,8367.298,0.0,55271.702000000005,13.1,0.0,86.9,13.14806641247898,842.557,52579,13135,39444,75.0,62.40408660779033,rural,86.0,120.0,258.0,40.0,63.0,185.0,"$51,152",6,"$50,000 to $74,999",12396.86
363,Victoria,TX,226728510000.0,12042323.0,518872910.0,7143010.5,90696.0,90696.0,0.0,0.0,100.0,0.0,0.0,61.364160864000894,882.143,86793,63683,23110,26.6,98.38880997752065,suburban,113.0,89.0,237.0,56.0,44.0,168.0,"$51,646",6,"$50,000 to $74,999",12396.86
364,Waller,TX,251989301100.0,18900500.04,356409008.0,14058690.79,54493.9996,20036.676,2582.4366,31874.887000000002,36.8,4.7,58.5,36.7685911708161,513.429,43205,16573,26632,61.6,84.14973803634382,rural,105.0,99.0,358.0,50.0,49.0,237.0,"$59,807",6,"$50,000 to $74,999",12396.86
365,Ward,TX,27810769330.0,2277005.444,90531090.3,1413125.52,15656.99968,14863.989,335.31088,457.6998,94.9,2.1,2.9,54.93510451046393,835.602,10658,7686,2972,27.9,12.754876125236656,suburban,324.0,275.0,264.0,190.0,159.0,191.0,"$53,621",6,"$50,000 to $74,999",12396.86
366,Wilson,TX,100882822000.0,25536311.4,396625448.0,19314140.88,57853.99980000001,7930.8778,0.0,49923.122,13.7,0.0,86.3,13.708434723066562,803.733,42918,6068,36850,85.9,53.39833004243946,rural,193.0,132.0,268.0,102.0,70.0,194.0,"$71,207",6,"$50,000 to $74,999",12396.86
367,Winkler,TX,35792244000.0,2252489.2,66282252.0,1518310.89,11084.0,8900.8401,0.0,2183.1599,80.3,0.0,19.7,40.30350166498427,841.107,7110,5821,1289,18.1,8.453145675877147,suburban,303.0,309.0,260.0,175.0,181.0,187.0,"$56,781",6,"$50,000 to $74,999",12396.86
368,Wise,TX,563196250000.0,44530095.0,638857370.0,33992439.0,90800.0,0.0,0.0,90800.0,0.0,0.0,100.0,0.0,904.422,59127,16492,42635,72.1,65.37545526314044,rural,57.0,114.0,203.0,23.0,59.0,134.0,"$66,387",6,"$50,000 to $74,999",12396.86
369,Yoakum,TX,36205202000.0,2282703.4,66859058.0,1540526.4500000004,11173.0,8938.4,0.0,2234.6,80.0,0.0,20.0,40.0,799.708,7879,4938,2941,37.3,9.85234610632881,suburban,301.0,295.0,270.0,173.0,174.0,196.0,"$61,560",6,"$50,000 to $74,999",12396.86
370,Brooks,TX,26065202200.0,1964103.0,38873133.9,1237357.77,6386.0,5108.8,0.0,1277.2,80.0,0.0,20.0,40.0,943.363,7223,4929,2294,31.8,7.656641550875379,suburban,329.0,314.0,156.0,193.0,183.0,88.0,"$30,116",4,"$25,000 to $34,999",11337.21
371,Hall,TX,17158285000.0,1006564.2,20806564.0,768369.65,3025.0,0.0,0.0,3025.0,0.0,0.0,100.0,0.0,883.492,3353,0,3353,100.0,3.7951673586178485,rural,356.0,353.0,236.0,214.0,214.0,167.0,"$32,597",4,"$25,000 to $34,999",11337.21
372,Starr,TX,294060009000.0,17146994.4,339369890.0,10802369.6,55751.0,44600.8,0.0,11150.2,80.0,0.0,20.0,40.0,1223.178,60968,46515,14453,23.7,49.843890387261396,suburban,94.0,137.0,93.0,46.0,73.0,39.0,"$30,490",4,"$25,000 to $34,999",11337.21
373,Willacy,TX,64497703000.0,4860124.6,96190614.0,3061811.33,15802.0,12641.6,0.0,3160.4,80.0,0.0,20.0,40.0,590.554,22134,14481,7653,34.6,37.48006109517504,suburban,238.0,170.0,336.0,127.0,93.0,230.0,"$33,171",4,"$25,000 to $34,999",11337.21
374,Zapata,TX,45568793000.0,3699070.86,73211272.0,2330363.63,12027.0,9621.6,0.0,2405.4,80.0,0.0,20.0,40.0,998.411,14018,10719,3299,23.5,14.040295990032172,suburban,274.0,269.0,136.0,152.0,155.0,73.0,"$33,160",4,"$25,000 to $34,999",11337.21
375,Zavala,TX,39470958800.0,2697027.74,53379035.0,1699090.1900000004,8769.0,7015.2,0.0,1753.8,80.0,0.0,20.0,40.0,1297.406,11677,7236,4441,38.0,9.00026668598727,suburban,296.0,302.0,84.0,170.0,177.0,32.0,"$30,076",4,"$25,000 to $34,999",11337.21
376,Rockwall,TX,520285470000.0001,24068665.00000001,556845430.0000001,14276542.000000007,95339.0,95339.0,0.0,2.069119e-11,100.0,0.0,0.0,100.0,127.036,78337,65775,12562,16.0,616.6519726691646,suburban,62.0,25.0,398.0,26.0,11.0,254.0,"$102,858",8,"$100,000 to $124,999",12765.37
